id;funcloc;material_number;equipment_description;status;sort_field;unique_id;qr_code_link;created_at
EMO004433;FP-01-CH8-ALM-A850;;NORD,SK132SH-4,5.5KW,9.3A,4P,380V;Installed;CH8.ALM/CH8AS04;3501;https://www.safesave.info/MIC.php?id=Fajar-MotorList3501;2023-10-21 12:19:21
EMO004434;FP-01-CH8-ALM-A860;;NORD,SK132SH-4,5.5KW,9.3A,4P,380V;Installed;CH8.ALM.CH8AS05/M;3502;https://www.safesave.info/MIC.php?id=Fajar-MotorList3502;2023-10-21 12:19:21
EMO004307;FP-01-CH8-ALM-P850;;SIEMENS,100L1MV1,3KW,5.9A,4P,380V;Installed;CH8.ALM.CH8PC04/M;3503;https://www.safesave.info/MIC.php?id=Fajar-MotorList3503;2023-10-21 12:19:21
EMO004308;FP-01-CH8-ALM-P851;;SIEMENS,100L1MV1,3KW,5.9A,4P,380V;Installed;CH8.ALM.CH8PC05/M;3504;https://www.safesave.info/MIC.php?id=Fajar-MotorList3504;2023-10-21 12:19:21
EMO004309;FP-01-CH8-ALM-P860;;NORD,SK80LH4,0.75KW,1.79A,4P,380V;Installed;CH8.ALM.CH8PV06/M;3505;https://www.safesave.info/MIC.php?id=Fajar-MotorList3505;2023-10-21 12:19:21
EMO004310;FP-01-CH8-ALM-P861;;NORD,SK80LH4,0.75KW,1.79A,4P,380V;Installed;CH8.ALM.CH8PV07/M;3506;https://www.safesave.info/MIC.php?id=Fajar-MotorList3506;2023-10-21 12:19:21
EMO004435;FP-01-CH8-CAT-A870;;NORD,SK132MH4,7.5KW,13.1A,4P,380V;Installed;CH8.CAT/CH8MAM02;3507;https://www.safesave.info/MIC.php?id=Fajar-MotorList3507;2023-10-21 12:19:21
EMO004436;FP-01-CH8-CAT-A880;;NORD,SK132SH-4,5.5KW,9.3A,4P,380V;Installed;CH8.CAT.CH8MAS06/M;3508;https://www.safesave.info/MIC.php?id=Fajar-MotorList3508;2023-10-21 12:19:21
EMO004437;FP-01-CH8-CAT-A885;;NORD,SK132SH-4,5.5KW,9.3A,4P,380V;Installed;CH8.CAT.CH8AS07/M;3509;https://www.safesave.info/MIC.php?id=Fajar-MotorList3509;2023-10-21 12:19:21
EMO004311;FP-01-CH8-CAT-P870;;SIEMENS,132SIM5,5.5KW,9.9A,2P;Installed;CH8.CAT.CH8PC06/M;3510;https://www.safesave.info/MIC.php?id=Fajar-MotorList3510;2023-10-21 12:19:21
EMO004312;FP-01-CH8-CAT-P880;;NORD,SK112M4,4KW,8.29A,4P,380V;Installed;CH8.CAT.CH8PV08/M;3511;https://www.safesave.info/MIC.php?id=Fajar-MotorList3511;2023-10-21 12:19:21
EMO004313;FP-01-CH8-CAT-P881;;NORD,SK112M4,4KW,8.29A,4P,380V;Installed;CH8.CAT.CH8PV09/M;3512;https://www.safesave.info/MIC.php?id=Fajar-MotorList3512;2023-10-21 12:19:21
EMO004314;FP-01-CH8-CAT-P885;;SIEMENS,132MIB5,7.5KW,14.7A,4P,380V;Installed;CH8.CAT.CH8PV10/M;3513;https://www.safesave.info/MIC.php?id=Fajar-MotorList3513;2023-10-21 12:19:21
EMO004315;FP-01-CH8-CAT-P886;;SIEMENS,132MIB5,7.5KW,14.7A,4P,380V;Installed;CH8.CAT.CH8PV11/M;3514;https://www.safesave.info/MIC.php?id=Fajar-MotorList3514;2023-10-21 12:19:21
EMO004326;FP-01-CH8-CHA-HST1;;HITACHI,2.4KW,6.0A,2P (HOIST UNTUK UP/DOWN);Installed;CH8.STA/CH8PL01;3515;https://www.safesave.info/MIC.php?id=Fajar-MotorList3515;2023-10-21 12:19:21
EMO004328;FP-01-CH8-CHA-HST2;;HITACHI,0.14KW,1.2A,4P (HOIST UNTUK LEFT/RIGHT);Installed;CH8.CHA/CH8PL02;3516;https://www.safesave.info/MIC.php?id=Fajar-MotorList3516;2023-10-21 12:19:21
EMO004380;FP-01-CH8-EFF-P530;;MARATHON,HJN1,150M-4,11KW,22,2A,4P,380V;Installed;CH8.P–SK–1/M;3517;https://www.safesave.info/MIC.php?id=Fajar-MotorList3517;2023-10-21 12:19:21
EMO004316;FP-01-CH8-FWS-P520;;MARATHON,HJN1,200L-2,30KW,5.51A,2P,380V;Installed;CH8.FWS.CH8PC07/M;3518;https://www.safesave.info/MIC.php?id=Fajar-MotorList3518;2023-10-21 12:19:21
EMO004317;FP-01-CH8-FWS-P521;;MARATHON,HJN1,200L-2,30KW,5.5A,2P,380V;Installed;CH8.FWS.CH8PC08/M;3519;https://www.safesave.info/MIC.php?id=Fajar-MotorList3519;2023-10-21 12:19:21
EMO004429;FP-01-CH8-STA-A810;;NORD,SK132MH-4,7.5KW,15.7A,4P,380V;Installed;CH8.STA.CH8AM01/M;3520;https://www.safesave.info/MIC.php?id=Fajar-MotorList3520;2023-10-21 12:19:21
EMO004430;FP-01-CH8-STA-A820;;NORD,SK132,SH-4,5.5KW,9.3A,4P,380V;Installed;CH8.STA.CH8AS01/M;3521;https://www.safesave.info/MIC.php?id=Fajar-MotorList3521;2023-10-21 12:19:21
EMO004431;FP-01-CH8-STA-A830;;NORD,SK132,SH-4,5.5KW,9.3A,4P,380V;Installed;CH8.STA.CH8AS02/M;3522;https://www.safesave.info/MIC.php?id=Fajar-MotorList3522;2023-10-21 12:19:21
EMO004432;FP-01-CH8-STA-A840;;NORD,SK100LH4,2.2KW,4.78A,4P,380V;Installed;CH8.STA.CH8AR01/M;3523;https://www.safesave.info/MIC.php?id=Fajar-MotorList3523;2023-10-21 12:19:21
EMO004327;FP-01-CH8-STA-CN01;;WAM,NT1120M,4KW,8.13A,4P,380V;Installed;CH8.STA/CH8SC01;3524;https://www.safesave.info/MIC.php?id=Fajar-MotorList3524;2023-10-21 12:19:21
EMO004298;FP-01-CH8-STA-P810;;SIEMENS,132S1M5,5.5KW,9.9A,2P;Installed;CH8.STA.CH8PC01/M;3525;https://www.safesave.info/MIC.php?id=Fajar-MotorList3525;2023-10-21 12:19:21
EMO004299;FP-01-CH8-STA-P820;;NORD,SK112MH-4,4KW,8.29A,4P,380V;Installed;CH8.STA.CH8PV01/M;3526;https://www.safesave.info/MIC.php?id=Fajar-MotorList3526;2023-10-21 12:19:21
EMO004300;FP-01-CH8-STA-P825;;NORD,SK80L-4,0.75KW,1.95A,4P,380V;Installed;CH8.STA.CH8PX01/M;3527;https://www.safesave.info/MIC.php?id=Fajar-MotorList3527;2023-10-21 12:19:21
EMO004301;FP-01-CH8-STA-P830;;NORD,SK112M4,4KW,8.6A,40,380V;Installed;CH8.STA.CH8PV03/M;3528;https://www.safesave.info/MIC.php?id=Fajar-MotorList3528;2023-10-21 12:19:21
EMO004302;FP-01-CH8-STA-P831;;NORD,SK100AH4,3KW,6.1A,4P,380V;Installed;CH8.STA.CH8PV04/M;3529;https://www.safesave.info/MIC.php?id=Fajar-MotorList3529;2023-10-21 12:19:21
EMO004303;FP-01-CH8-STA-P832;;NORD,SK100AH4,3KW,6.1A,4P,380V;Installed;CH8.STA.CH8PV05/M;3530;https://www.safesave.info/MIC.php?id=Fajar-MotorList3530;2023-10-21 12:19:21
EMO004304;FP-01-CH8-STA-P840;;NORD,SK112MH4,4KW,8.29A,4P,380V;Installed;CH8.STA.CH8PV06/M;3531;https://www.safesave.info/MIC.php?id=Fajar-MotorList3531;2023-10-21 12:19:21
EMO004305;FP-01-CH8-WWS-P540;;MARATHON,HJN1,160M2-2,15KW,28.4A,2P,380V;Installed;CH8.WWS.CH8PC02/M;3532;https://www.safesave.info/MIC.php?id=Fajar-MotorList3532;2023-10-21 12:19:21
EMO004306;FP-01-CH8-WWS-P541;;MARATHON,HJN1,160M2-2,15KW,28.4A,2P,380V;Installed;CH8.WWS.CH8PC03/M;3533;https://www.safesave.info/MIC.php?id=Fajar-MotorList3533;2023-10-21 12:19:21
EMO004173;FP-01-PM8-APS-A200;;MARATHON,HJN1,160M6,7.5KW,17A,970RPM;Installed;PM8.APS/A-7;3534;https://www.safesave.info/MIC.php?id=Fajar-MotorList3534;2023-10-21 12:19:21
EMO004176;FP-01-PM8-APS-A210;;MARATHON,HJN1,180L-6,15KW,31.4A,975RPM;Installed;PM8.APS/A–8(M);3535;https://www.safesave.info/MIC.php?id=Fajar-MotorList3535;2023-10-21 12:19:21
EMO004175;FP-01-PM8-APS-A220;;MARATHON,HJN1,180L-6,15KW,31.4A,975RPM;Installed;PM8.APS/A-9(M);3536;https://www.safesave.info/MIC.php?id=Fajar-MotorList3536;2023-10-21 12:19:21
EMO004091;FP-01-PM8-APS-P200;;MARATHON,HJN1,200L-4,30KW,57.4A,4P,380V;Installed;PM8.APS/P-25(M);3537;https://www.safesave.info/MIC.php?id=Fajar-MotorList3537;2023-10-21 12:19:21
EMO004092;FP-01-PM8-APS-P210;;MARATHON,HJN1,200L-4,30KW,57.4A,4P,380V;Installed;PM8.APS/P-22(M);3538;https://www.safesave.info/MIC.php?id=Fajar-MotorList3538;2023-10-21 12:19:21
EMO004093;FP-01-PM8-APS-P211;;MARATHON,HJN1,315L2-6,132KW,22.4A,6P,380V;Installed;PM8.APS/P-23(M);3539;https://www.safesave.info/MIC.php?id=Fajar-MotorList3539;2023-10-21 12:19:21
EMO004094;FP-01-PM8-APS-P220;;MARATHON,HJN1,355,M-6,160KW,291A,6P.380V;Installed;PM8.APS/P-24(M);3540;https://www.safesave.info/MIC.php?id=Fajar-MotorList3540;2023-10-21 12:19:21
EMO004295;FP-01-PM8-APS-P230;;TMEIC,KFT-CHK11,F:450-120,100KW,1040A,660V,6P;Installed;PM8.APS/P-27;3541;https://www.safesave.info/MIC.php?id=Fajar-MotorList3541;2023-10-21 12:19:21
EMO004139;FP-01-PM8-APS-P231;;MARATHON,HJN1,280S-4,75KW,139A,4P,380V;Installed;PM8.APS/P-28(M);3542;https://www.safesave.info/MIC.php?id=Fajar-MotorList3542;2023-10-21 12:19:21
EMO004140;FP-01-PM8-APS-P240;;MATRATHON, HJN1,180L-4,22KW,42.4A,4P,380V;Installed;PM8.APS/P-29(M);3543;https://www.safesave.info/MIC.php?id=Fajar-MotorList3543;2023-10-21 12:19:21
EMO004142;FP-01-PM8-APS-P250;;TMEIC,IDCF,CHKW11,200KW,47.8A,4P,380V;Installed;PM8.APS/P-WW-2(M);3544;https://www.safesave.info/MIC.php?id=Fajar-MotorList3544;2023-10-21 12:19:21
EMO005248;FP-01-PM8-VAS-P6A1;;"AC MOTOR;380V,50Hz,37kW,4P";Installed;PM8.VAS/P-SW-11/M;3545;https://www.safesave.info/MIC.php?id=Fajar-MotorList3545;2023-10-21 12:19:21
EMO004143;FP-01-PM8-APS-P251;;ABB,IEC315ML90,200KW,366A,4P,380V;Installed;PM8.APS/P-WW-3(M);3546;https://www.safesave.info/MIC.php?id=Fajar-MotorList3546;2023-10-21 12:19:21
EMO003873;FP-01-PM8-APS-SR50;;MOTOR,AC,H-BD,HCM450,TOSHIBA,200KW,8P;Installed;PM8.APS.SR50/M;3547;https://www.safesave.info/MIC.php?id=Fajar-MotorList3547;2023-10-21 12:19:21
EMO004000;FP-01-PM8-APS-SR60;;MARATHON,HJN1,200L-4,30KW,57.4A,4P,380V;Installed;PM8.APS.SR60/M;3548;https://www.safesave.info/MIC.php?id=Fajar-MotorList3548;2023-10-21 12:19:21
EMO005016;FP-01-PM8-APS-TRMJ;;RANDAX,TYPERXA207,30KW,46A,2P,400V;Installed;PM8.APS.TRMJ/M;3549;https://www.safesave.info/MIC.php?id=Fajar-MotorList3549;2023-10-21 12:19:21
EMO004346;FP-01-PM8-BRS-AP20;;OYSTROMBERG,IEC-250M6S,75KW,142A,4P,380V;Installed;PM8.BRS/M-B-1A(M);3550;https://www.safesave.info/MIC.php?id=Fajar-MotorList3550;2023-10-21 12:19:21
EMO004347;FP-01-PM8-BRS-AP21;;ABB,HXUR505G2,75KW,141A,4P,380V;Installed;PM8.BRS/M-B-1B(M);3551;https://www.safesave.info/MIC.php?id=Fajar-MotorList3551;2023-10-21 12:19:21
EMO004348;FP-01-PM8-BRS-AP30;;OYSTROMBERG,HXUR632G2315S,132KW,245A,4P,380V;Installed;PM8.BRS/M-B-2A(M);3552;https://www.safesave.info/MIC.php?id=Fajar-MotorList3552;2023-10-21 12:19:21
EMO004349;FP-01-PM8-BRS-AP31;;OYSTROMBERG,HXUR632G2315S,132KW,245A,4P,380V;Installed;PM8.BRS/M-B-2B(M);3553;https://www.safesave.info/MIC.php?id=Fajar-MotorList3553;2023-10-21 12:19:21
EMO004350;FP-01-PM8-BRS-AP40;;TMEIC,IDF315H,250KW,59A,4P,380V;Installed;PM8.BRS/M-B-3A(M);3554;https://www.safesave.info/MIC.php?id=Fajar-MotorList3554;2023-10-21 12:19:21
EMO004351;FP-01-PM8-BRS-AP41;;TMEIC,IDF315H,250KW,59A,4P,380V;Installed;PM8.BRS/M-B-3B(M);3555;https://www.safesave.info/MIC.php?id=Fajar-MotorList3555;2023-10-21 12:19:21
EMO004352;FP-01-PM8-BRS-AP50;;TMEIC,IDF315H,315KW,75A,4P,380V;Installed;PM8.BRS/M-B-4A(M);3556;https://www.safesave.info/MIC.php?id=Fajar-MotorList3556;2023-10-21 12:19:21
EMO004353;FP-01-PM8-BRS-AP51;;TMEIC,IDF315H,315KW,75A,4P,380V;Installed;PM8.BRS/M-B-4B(M);3557;https://www.safesave.info/MIC.php?id=Fajar-MotorList3557;2023-10-21 12:19:21
EMO004354;FP-01-PM8-BRS-AP60;;MARATHON,HJN1,355M-6,160KW,291A,6P,380V;Installed;PM8.BRS/M-B-5;3558;https://www.safesave.info/MIC.php?id=Fajar-MotorList3558;2023-10-21 12:19:21
EMO004096;FP-01-PM8-BRS-PP20;;MARATHON,HJN1,250M,55KW,103A,4P,380V;Installed;PM8.BRS/P-B-1;3559;https://www.safesave.info/MIC.php?id=Fajar-MotorList3559;2023-10-21 12:19:21
EMO004097;FP-01-PM8-BRS-PP21;;MARATHON,HAA400-4,355KW,85.2A,4P,380V;Installed;PM8.BRS/P-B-2(M);3560;https://www.safesave.info/MIC.php?id=Fajar-MotorList3560;2023-10-21 12:19:21
EMO004098;FP-01-PM8-BRS-PP30;;MARATHON,HJN1315L-6,110KW,206A,6P,380V;Installed;PM8.BRS/P-B-4(M);3561;https://www.safesave.info/MIC.php?id=Fajar-MotorList3561;2023-10-21 12:19:21
EMO004099;FP-01-PM8-BRS-PP40;;MARATHON,HAA400-6,200KW,51A,6P,380V;Installed;PM8.BRS/P-B-5(M);3562;https://www.safesave.info/MIC.php?id=Fajar-MotorList3562;2023-10-21 12:19:21
EMO004100;FP-01-PM8-BRS-PP50;;MARATHON,HAA400-6,200KW,51A,6P,380V;Installed;PM8.BRS/P-B-6(M);3563;https://www.safesave.info/MIC.php?id=Fajar-MotorList3563;2023-10-21 12:19:21
EMO004101;FP-01-PM8-BRS-PP60;;MARATHON,HJN1,225M4,45KW,84.4A,4P,380V;Installed;PM8.BRS/P-B-7(M);3564;https://www.safesave.info/MIC.php?id=Fajar-MotorList3564;2023-10-21 12:19:21
EMO004273;FP-01-PM8-BRS-TH20-DV01;;SEW,DRE132M/4,5.5KW,11.10A,4P,380V;Installed;PM8.BRS/J1LH01GM01V01-M11;3565;https://www.safesave.info/MIC.php?id=Fajar-MotorList3565;2023-10-21 12:19:21
EMO004340;FP-01-PM8-BRS-TH20-SCC1;;ABB,MB166M,11KW,23A,4P,380V;Installed;TH20.SCC1/J1LH01GM01V01-M21;3566;https://www.safesave.info/MIC.php?id=Fajar-MotorList3566;2023-10-21 12:19:21
EMO004274;FP-01-PM8-BRS-TH20-SW01;;SEW,DRE112M6DE5AF,A.5KW,3.7A,4P,380V;Installed;TH20.SW01/J1LH01GM01V01-M31;3567;https://www.safesave.info/MIC.php?id=Fajar-MotorList3567;2023-10-21 12:19:21
EMO000410;FP-01-PM8-CAL-MD24;;"AC MOTOR;380V,50Hz,15kW,4P,160L,B3";Installed;PM8/CAL-ER04-MD24;3568;https://www.safesave.info/MIC.php?id=Fajar-MotorList3568;2023-10-21 12:19:21
EMO004513;FP-01-PM8-CAL-MD25;;MOTOR,AC,IDF-CHK11 405A,250KW,4P,420V;Installed;PM8/CAL-TOP-MD25;3569;https://www.safesave.info/MIC.php?id=Fajar-MotorList3569;2023-10-21 12:19:21
EMO001288;FP-01-PM8-CAL-MD26;10010630;MOTOR,AC,IDF-CHK11 575A,355KW,4P,420V;Installed;PM8/CAL-BTM-MD26;3570;https://www.safesave.info/MIC.php?id=Fajar-MotorList3570;2023-10-21 12:19:21
EMO004515;FP-01-PM8-CAL-MD27;;;Installed;PM8/CAL-PR05-MD27;3571;https://www.safesave.info/MIC.php?id=Fajar-MotorList3571;2023-10-21 12:19:21
EMO004337;FP-01-PM8-CAS-COM1;;SIEMENS,FSD,571,355KW,4P,3KV,79A (KAESER 6MBH);Installed;PM8.CAS.COM-1/M;3572;https://www.safesave.info/MIC.php?id=Fajar-MotorList3572;2023-10-21 12:19:21
EMO004338;FP-01-PM8-CAS-COM2;;SIEMENS,FSD,571,355KW,4P,3KV,79A (KAESER 6MBH);Installed;PM8.CAS.COM-2/M;3573;https://www.safesave.info/MIC.php?id=Fajar-MotorList3573;2023-10-21 12:19:21
EMO004339;FP-01-PM8-CAS-COM3;;SIEMENS,FSD,571,355KW,4P,3KV,79A (KAESER 6MBH);Installed;PM8.CAS.COM-3/M;3574;https://www.safesave.info/MIC.php?id=Fajar-MotorList3574;2023-10-21 12:19:21
EMO003929;FP-01-PM8-CUT-RWD1-BL04;;"AC MOTOR;380V,50Hz,11kW,2P,160M,B3";Installed;PM8.RWD1.BL04/M;3575;https://www.safesave.info/MIC.php?id=Fajar-MotorList3575;2023-10-21 12:19:21
EMO003978;FP-01-PM8-CUT-RWD1-BL02;;"SK 112M; 5.5KW; 6.2A; 2P; 380V";Installed;PM8.RWD1.BL02/M;3576;https://www.safesave.info/MIC.php?id=Fajar-MotorList3576;2023-10-21 12:19:21
EMO004556;FP-01-PM8-CUT-RWD1-BL03;;MARATHON,HJN1,160L4,15KW,29.6A,4P,380V;Installed;PM8.RWD/SZ01SV00G01/FAN/M;3577;https://www.safesave.info/MIC.php?id=Fajar-MotorList3577;2023-10-21 12:19:21
EMO003096;FP-01-PM8-CUT-RWD1-BL05;10010672;"AC MOTOR;380V,50HZ,15KW,2P,160M,B3";Installed;PM8.RWD1.BL05/M;3578;https://www.safesave.info/MIC.php?id=Fajar-MotorList3578;2023-10-21 12:19:21
EMO003948;FP-01-PM8-CUT-RWD1-MD30;10032679;"AC MOTOR;380V,50Hz,480kW,6P,450M,B3";Installed;PM8/RWD-UNWD-MD30;3579;https://www.safesave.info/MIC.php?id=Fajar-MotorList3579;2023-10-21 12:19:21
EMO004559;FP-01-PM8-CUT-RWD1-MD30;;MOTOR, FANBLOWER 112M,3.7KW,4P,380V;Installed;PM8.CUT/FANBLOWER-MD30/M;3580;https://www.safesave.info/MIC.php?id=Fajar-MotorList3580;2023-10-21 12:19:21
EMO004521;FP-01-PM8-CUT-RWD1-MD31;;MOTOR,AC,IDF-CHJ11 355H,500KW,4P,380V;Installed;PM8/RWD-MD31;3581;https://www.safesave.info/MIC.php?id=Fajar-MotorList3581;2023-10-21 12:19:21
EMO004522;FP-01-PM8-CUT-RWD1-MD32;;MOTOR,AC,IDF-CHJ11 355H,500KW,4P,380V;Installed;PM8/RWD-MD32;3582;https://www.safesave.info/MIC.php?id=Fajar-MotorList3582;2023-10-21 12:19:21
EMO004495;FP-01-PM8-DRY-GRP1-MD07;;MOTOR,AC,IDF-CHK11 123A,75KW,4P,420V;Installed;PM8/GRP1-MD07;3583;https://www.safesave.info/MIC.php?id=Fajar-MotorList3583;2023-10-21 12:19:21
EMO004496;FP-01-PM8-DRY-GRP1-MD08;;MOTOR,AC,IDF-CHK11 405A,250KW,4P,420V;Installed;PM8/GRP1-MD08;3584;https://www.safesave.info/MIC.php?id=Fajar-MotorList3584;2023-10-21 12:19:21
EMO004497;FP-01-PM8-DRY-GRP2-MD09;;MOTOR,AC,IDF-CHK11 500A,300KW,4P,420V;Installed;PM8/GRP2-MD09;3585;https://www.safesave.info/MIC.php?id=Fajar-MotorList3585;2023-10-21 12:19:21
EMO004498;FP-01-PM8-DRY-GRP3-MD10;;MOTOR,AC,IDF-CHK11 535A,335KW,4P,420V;Installed;PM8/GRP3-MD10;3586;https://www.safesave.info/MIC.php?id=Fajar-MotorList3586;2023-10-21 12:19:21
EMO004499;FP-01-PM8-DRY-GRP4-MD11;;MOTOR,AC,IDF-CHK11 630A,400KW,4P,420V;Installed;PM8/GRP4-MD11;3587;https://www.safesave.info/MIC.php?id=Fajar-MotorList3587;2023-10-21 12:19:21
EMO004500;FP-01-PM8-DRY-GRP5-MD12;;MOTOR,AC,IDF-CHK11 630A,400KW,4P,420V;Installed;PM8/GRP5-MD12;3588;https://www.safesave.info/MIC.php?id=Fajar-MotorList3588;2023-10-21 12:19:21
EMO004501;FP-01-PM8-DRY-GRP6-MD13;;MOTOR,AC,IDF-CHK11 630A,400KW,4P,420V;Installed;PM8/GRP6-MD13;3589;https://www.safesave.info/MIC.php?id=Fajar-MotorList3589;2023-10-21 12:19:21
EMO004502;FP-01-PM8-DRY-GRP6-MD14;;MOTOR,AC,TIKK-FBK8 26A,15KW,4P,420V;Installed;PM8/GRP6-MD14;3590;https://www.safesave.info/MIC.php?id=Fajar-MotorList3590;2023-10-21 12:19:21
EMO004508;FP-01-PM8-DRY-GRP7-MD20;;MOTOR,AC,IDF-CHK11 123A,75KW,4P,420V;Installed;PM8/GRP7-MD20;3591;https://www.safesave.info/MIC.php?id=Fajar-MotorList3591;2023-10-21 12:19:21
EMO004509;FP-01-PM8-DRY-GRP7-MD21;;MOTOR,AC,IDF-CHK11 535A,335KW,4P,420V;Installed;PM8/GRP7-MD21;3592;https://www.safesave.info/MIC.php?id=Fajar-MotorList3592;2023-10-21 12:19:21
EMO004510;FP-01-PM8-DRY-GRP8-MD22;;MOTOR,AC,IDF-CHK11 800A,500KW,4P,420V;Installed;PM8/GRP8-MD22;3593;https://www.safesave.info/MIC.php?id=Fajar-MotorList3593;2023-10-21 12:19:21
EMO004511;FP-01-PM8-DRY-GRP8-MD23;;MOTOR,AC,TIKK-FBK8 26A,15KW,4P,420V;Installed;PM8/GRP8-MD23-PR;3594;https://www.safesave.info/MIC.php?id=Fajar-MotorList3594;2023-10-21 12:19:21
EMO004503;FP-01-PM8-DRY-SZPR-MD15;;MOTOR,AC,IKK-FCK8 26A,11KW,4P,420V;Installed;PM8/SZPR-MD15-PR;3595;https://www.safesave.info/MIC.php?id=Fajar-MotorList3595;2023-10-21 12:19:21
EMO004504;FP-01-PM8-DRY-SZPR-MD16;;MOTOR,AC,IKK-FCK8 26A,11KW,4P,420V;Installed;PM8/SZPR-MD16-PR;3596;https://www.safesave.info/MIC.php?id=Fajar-MotorList3596;2023-10-21 12:19:21
EMO004505;FP-01-PM8-DRY-SZPR-MD17;;MOTOR,AC,IDF-CHK11 405A,250KW,4P,420V;Installed;PM8/SZPR-MD17;3597;https://www.safesave.info/MIC.php?id=Fajar-MotorList3597;2023-10-21 12:19:21
EMO004506;FP-01-PM8-DRY-SZPR-MD18;;MOTOR,AC,IDF-CHK11 178A,110KW,4P,420V;Installed;PM8/SZPR-MD18;3598;https://www.safesave.info/MIC.php?id=Fajar-MotorList3598;2023-10-21 12:19:21
EMO004507;FP-01-PM8-DRY-SZPR-MD19;10031642;"DC MOTOR;420V,60Hz,15kW,26A,160L,B3";Installed;PM8/SZPR-MD19-M;3599;https://www.safesave.info/MIC.php?id=Fajar-MotorList3599;2023-10-21 12:19:21
EMO004136;FP-01-PM8-EFF-P450;;MARATHON,HJN1,280M-4,90KW,167A,4P,380V;Installed;PM8.EFF/P-SM-1(M);3600;https://www.safesave.info/MIC.php?id=Fajar-MotorList3600;2023-10-21 12:19:21
EMO004137;FP-01-PM8-EFF-P455;;MARATHON,HJN1,280M-4,90KW,167A,4P,380V;Installed;PM8.EFF/P-SM-2(M);3601;https://www.safesave.info/MIC.php?id=Fajar-MotorList3601;2023-10-21 12:19:21
EMO004455;FP-01-PM8-FWS-CU10;;TECO,75KW,15.2 ,4P MGM;Installed;PM8.FWS/CT-10/M;3602;https://www.safesave.info/MIC.php?id=Fajar-MotorList3602;2023-10-21 12:19:21
EMO004456;FP-01-PM8-FWS-CU11;;TECO,75KW,15.2 ,4P MGM;Installed;PM8.FWS/CT-20/M;3603;https://www.safesave.info/MIC.php?id=Fajar-MotorList3603;2023-10-21 12:19:21
EMO004457;FP-01-PM8-FWS-CU12;;TECO,75KW,15.2 ,4P MGM;Installed;PM8.FWS/CT-30/M;3604;https://www.safesave.info/MIC.php?id=Fajar-MotorList3604;2023-10-21 12:19:21
EMO004138;FP-01-PM8-FWS-P380;;MARATHON,HJN1,200L-4,30KW,57.4A,4P,380V;Installed;PM8.FWS/P-26(M);3605;https://www.safesave.info/MIC.php?id=Fajar-MotorList3605;2023-10-21 12:19:21
EMO004115;FP-01-PM8-FWS-P390;;MARATHON,HJN1,280M-2,90KW,160A,2P,380V;Installed;PM8.FWS/P-FW-10(M);3606;https://www.safesave.info/MIC.php?id=Fajar-MotorList3606;2023-10-21 12:19:21
EMO004116;FP-01-PM8-FWS-P391;;MARATHON,HAA355-2,200KW,54.2A,3KV,2P;Installed;PM8.FWS/P-FW-11(M);3607;https://www.safesave.info/MIC.php?id=Fajar-MotorList3607;2023-10-21 12:19:21
EMO004117;FP-01-PM8-FWS-P392;;MARATHON,HAA355-2,200KW,54.2A,3KV,2P;Installed;PM8.FWS/P-FW-12(M);3608;https://www.safesave.info/MIC.php?id=Fajar-MotorList3608;2023-10-21 12:19:21
EMO004118;FP-01-PM8-FWS-P393;;MARATHON,HJN1,280S-2,75KW,135A,2P,380V;Installed;PM8.FWS/P-FW-13(M);3609;https://www.safesave.info/MIC.php?id=Fajar-MotorList3609;2023-10-21 12:19:21
EMO004119;FP-01-PM8-FWS-P394;;MARATHON,HJN1,180M-4,18.5KW,35.8A,4P,380V;Installed;PM8.FWS/P-FW-14(M);3610;https://www.safesave.info/MIC.php?id=Fajar-MotorList3610;2023-10-21 12:19:21
EMO004127;FP-01-PM8-FWS-P395;;MARATHON,HJN1,180L-4,22KW,42.4A,4P,380V;Installed;PM8.FWS/P-FW-33(M);3611;https://www.safesave.info/MIC.php?id=Fajar-MotorList3611;2023-10-21 12:19:21
EMO004120;FP-01-PM8-FWS-P400;;MARATHON,HJN1,225M-2,45KW,81.8A,4P,380V;Installed;PM8.FWS/P-FW-20(M);3612;https://www.safesave.info/MIC.php?id=Fajar-MotorList3612;2023-10-21 12:19:21
EMO004121;FP-01-PM8-FWS-P401;;MARATHON,HJN1,200L-4,30KW,57.4A,4P,380V;Installed;PM8.FWS/P-FW-21(M);3613;https://www.safesave.info/MIC.php?id=Fajar-MotorList3613;2023-10-21 12:19:21
EMO004122;FP-01-PM8-FWS-P402;;MARATHON,HJN1,200L-4,30KW,57.4A,4P,380V;Installed;PM8.FWS/P-FW-22(M);3614;https://www.safesave.info/MIC.php?id=Fajar-MotorList3614;2023-10-21 12:19:21
EMO004123;FP-01-PM8-FWS-P403;;MARATHON,HJN1,160M-4,11KW,22.2A,4P,380V;Installed;PM8.FWS/P-FW-23(M);3615;https://www.safesave.info/MIC.php?id=Fajar-MotorList3615;2023-10-21 12:19:21
EMO004321;FP-01-PM8-FWS-P404;;"AC MOTOR;380V,50Hz,4kW,2P,7.92A";Installed;PM8.FWS(STA)/PP01/M;3616;https://www.safesave.info/MIC.php?id=Fajar-MotorList3616;2023-10-21 12:19:21
EMO004202;FP-01-PM8-FWS-P420;;MARATHON,HJN1,132S2-2,7.5KW,14.7A,2P,380V;Installed;PM8.FWS.P420/M;3617;https://www.safesave.info/MIC.php?id=Fajar-MotorList3617;2023-10-21 12:19:21
EMO004203;FP-01-PM8-FWS-P421;;MARATHON,HJN1,132S2-2,7.5KW,14.7A,2P,380V;Installed;PM8.FWS.P421/M;3618;https://www.safesave.info/MIC.php?id=Fajar-MotorList3618;2023-10-21 12:19:21
EMO004131;FP-01-PM8-FWS-P430;;MARATHON,HJN1,200M-1,90KW,167A,4P,380V;Installed;PM8.FWS/P-CW-10(M);3619;https://www.safesave.info/MIC.php?id=Fajar-MotorList3619;2023-10-21 12:19:21
EMO004132;FP-01-PM8-FWS-P431;;MARATHON,HJN1,200M-1,90KW,167A,4P,380V;Installed;PM8.FWS/P-CW-11(M);3620;https://www.safesave.info/MIC.php?id=Fajar-MotorList3620;2023-10-21 12:19:21
EMO004149;FP-01-PM8-FWS-P432;;MARATHON,HJN1,255M-2,45KW,81.8A,2P,380V;Installed;PM8.FWS/P-CW-12(M);3621;https://www.safesave.info/MIC.php?id=Fajar-MotorList3621;2023-10-21 12:19:21
EMO004133;FP-01-PM8-FWS-P440;;MARATHON,HJN1,200L-4,30KW,57.4A,4P,380V;Installed;PM8.FWS/P-CW-20(M);3622;https://www.safesave.info/MIC.php?id=Fajar-MotorList3622;2023-10-21 12:19:21
EMO004204;FP-01-PM8-FWS-P480;;MARATHON,HJN1,112M,4KW,8.05A,2P,380V;Installed;PM8.FWS/P-FW-40(M);3623;https://www.safesave.info/MIC.php?id=Fajar-MotorList3623;2023-10-21 12:19:21
EMO004205;FP-01-PM8-FWS-P481;;"ABB;MT 100LB; 3KW; 6.9A; 4P; 400V";Installed;PM8.FWS/P-FW-41(M);3624;https://www.safesave.info/MIC.php?id=Fajar-MotorList3624;2023-10-21 12:19:21
EMO004150;FP-01-PM8-FWS-P482;;"ABB; M2AA 100LB; 3KW; 6.60A; 4P; 400V";Installed;PM8.FWS/P-FW-41(M);3625;https://www.safesave.info/MIC.php?id=Fajar-MotorList3625;2023-10-21 12:19:21
EMO004185;FP-01-PM8-FWS-P490;;MARATHON,HJN1,132MI,4KW,9.45A,2P,380V;Installed;PM8.FWS/P-34(M);3626;https://www.safesave.info/MIC.php?id=Fajar-MotorList3626;2023-10-21 12:19:21
EMO004134;FP-01-PM8-FWS-P500;;MARATHON,HJN1,160L-4,15KW,29.6A,4P,380V;Installed;PM8.FWS/P-CW-30(M);3627;https://www.safesave.info/MIC.php?id=Fajar-MotorList3627;2023-10-21 12:19:21
EMO004135;FP-01-PM8-FWS-P501;;MARATHON,HJN1,160L-4,15KW,29.6A,4P,380V;Installed;PM8.FWS/P-CW-31(M);3628;https://www.safesave.info/MIC.php?id=Fajar-MotorList3628;2023-10-21 12:19:21
EMO004047;FP-01-PM8-HOO-BL10;;"ASEA; TYPE M188; 22KW;380V";Installed;PM8.HOO/F-VS-10/M;3629;https://www.safesave.info/MIC.php?id=Fajar-MotorList3629;2023-10-21 12:19:21
EMO003935;FP-01-PM8-HOO-BL11;10010832;"AC MOTOR;380V,50Hz,37kW,2P,200M,B3";Installed;PM8.HOO/FORMING/M;3630;https://www.safesave.info/MIC.php?id=Fajar-MotorList3630;2023-10-21 12:19:21
EMO004532;FP-01-PM8-HOO-BL20-EX20;;MARATHON,HJN1,225S-4,37KW,69.7A,4P,380V;Installed;PM8.HOO.EX20/SH19CV00K01/M;3631;https://www.safesave.info/MIC.php?id=Fajar-MotorList3631;2023-10-21 12:19:21
EMO004531;FP-01-PM8-HOO-BL20-EX21;;MARATHON,HJN1,315L-4,160KW,4P,288A,380V;Installed;PM8.HOO.EX21/SF07BV00G01/M;3632;https://www.safesave.info/MIC.php?id=Fajar-MotorList3632;2023-10-21 12:19:21
EMO004336;FP-01-PM8-HOO-BL30-EX30;;MARATHON,HJN1,160L-4,15KW,29.6A,4P,380V;Installed;PM8.HOO.EX30/SZ01CV00G01/M;3633;https://www.safesave.info/MIC.php?id=Fajar-MotorList3633;2023-10-21 12:19:21
EMO004395;FP-01-PM8-HOO-BL31;;TYPE RUBIN 220,2.2KW,5.2A,2P,;Installed;PM8.HOO/SHOE/M-1;3634;https://www.safesave.info/MIC.php?id=Fajar-MotorList3634;2023-10-21 12:19:21
EMO004480;FP-01-PM8-HOO-BL31;;TYPE RUBIN 220,2.2KW,5.2A,2P,;Installed;PM8.HOO/SHOE/M-2;3635;https://www.safesave.info/MIC.php?id=Fajar-MotorList3635;2023-10-21 12:19:21
EMO004537;FP-01-PM8-HOO-BL40-CF40;;MARATHON,HJN1,132S2-2,7.5KW,14.7A,2P,380V;Installed;PM8.HOO.CF40/SH04CV00K03;3636;https://www.safesave.info/MIC.php?id=Fajar-MotorList3636;2023-10-21 12:19:21
EMO004534;FP-01-PM8-HOO-BL40-EX40;;MARATHON,HK315L2-8,110KW,224A,8P,380V;Installed;PM8.HOO.EX40/SH04BV00G01/M;3637;https://www.safesave.info/MIC.php?id=Fajar-MotorList3637;2023-10-21 12:19:21
EMO004533;FP-01-PM8-HOO-BL40-EX41;;MARATHON,HJN1,355L-4,315KW,559A,4P,380V;Installed;PM8.HOO.EX41/SH19BV02G01/M;3638;https://www.safesave.info/MIC.php?id=Fajar-MotorList3638;2023-10-21 12:19:21
EMO004536;FP-01-PM8-HOO-BL40-SF41;;MARATHON,HJN1,315L-4,200KW,359A,4P,280V;Installed;PM8.HOO.SF41/SH04CV00G01/M;3639;https://www.safesave.info/MIC.php?id=Fajar-MotorList3639;2023-10-21 12:19:21
EMO004541;FP-01-PM8-HOO-BL50-CF50;;MARATHON,HJN1,132S-2,7.5KW,14.7A,2P,380V;Installed;PM8.HOO.CF50/SH07CV00G02;3640;https://www.safesave.info/MIC.php?id=Fajar-MotorList3640;2023-10-21 12:19:21
EMO004539;FP-01-PM8-HOO-BL50-EX50;;MARATHON,HK315L2-8,110KW,224A,8P,380V;Installed;PM8.HOO.EX50/SH07BV00G01/M;3641;https://www.safesave.info/MIC.php?id=Fajar-MotorList3641;2023-10-21 12:19:21
EMO004538;FP-01-PM8-HOO-BL50-EX51;;MARATHON,HJN1,355L-4,315KW,559A,4P,380V;Installed;PM8.HOO.EX51/SH22BV00G01/M;3642;https://www.safesave.info/MIC.php?id=Fajar-MotorList3642;2023-10-21 12:19:21
EMO004540;FP-01-PM8-HOO-BL50-SF50;;MARATHON,HJN1,315M4,200KW,359A,4P,380V;Installed;PM8.HOO.SF50/SH07CV00G01/M;3643;https://www.safesave.info/MIC.php?id=Fajar-MotorList3643;2023-10-21 12:19:21
EMO004542;FP-01-PM8-HOO-BL60-EX60;;MARATHON,HJN1,160L-4,15KW,29.6A,4P,380V;Installed;PM8.HOO.EX60/SZ01EV00G01/M;3644;https://www.safesave.info/MIC.php?id=Fajar-MotorList3644;2023-10-21 12:19:21
EMO004546;FP-01-PM8-HOO-BL70-CF70;;MARATHON,HJN1,1OOL2-4,3KW,6.50A,;Installed;PM8.HOO.CF70/SJ22CV00G02;3645;https://www.safesave.info/MIC.php?id=Fajar-MotorList3645;2023-10-21 12:19:21
EMO004544;FP-01-PM8-HOO-BL70-EX70;;MARATHON,HK315M8,75KW,156A;Installed;PM8.HOO.EX70/SJ22BV00G01/M;3646;https://www.safesave.info/MIC.php?id=Fajar-MotorList3646;2023-10-21 12:19:21
EMO004543;FP-01-PM8-HOO-BL70-EX71;;MARATHON,HJN1,315M4,132KW,241A,4P,280V;Installed;PM8.HOO.EX71/SJ19BV00G01/M;3647;https://www.safesave.info/MIC.php?id=Fajar-MotorList3647;2023-10-21 12:19:21
EMO004545;FP-01-PM8-HOO-BL70-SF70;;MARATHON,HJN1,315S-4,110KW,201A,4P,380V;Installed;PM8.HOO.SF70/SJ22CV00G01/M;3648;https://www.safesave.info/MIC.php?id=Fajar-MotorList3648;2023-10-21 12:19:21
EMO004547;FP-01-PM8-HOO-BL80-EX80;;MARATHON,HJN1,160L4,15KW,29.6A,4P,380V;Installed;PM8.HOO.EX80/SZ01PV00G01/M;3649;https://www.safesave.info/MIC.php?id=Fajar-MotorList3649;2023-10-21 12:19:21
EMO004548;FP-01-PM8-HOO-BL90-EX90;;MARATHON,HJN1,225S-4,37KW,69.7A,4P,380V;Installed;PM8.HOO.EX90/M;3650;https://www.safesave.info/MIC.php?id=Fajar-MotorList3650;2023-10-21 12:19:21
EMO004549;FP-01-PM8-HOO-LD01;;BAUER,ZO15B9HN4Nm,180VDC,0.24A,;Installed;PM8.HOO/LD-01/M;3651;https://www.safesave.info/MIC.php?id=Fajar-MotorList3651;2023-10-21 12:19:21
EMO004550;FP-01-PM8-HOO-LD02;;BAUER,BK60-11U/D09XA4,3KW,400V,6.8A,14RPM;Installed;PM8.HOO/LD-02/M;3652;https://www.safesave.info/MIC.php?id=Fajar-MotorList3652;2023-10-21 12:19:21
EMO004551;FP-01-PM8-HOO-LD03;;BAUER,BK60-11U/D09XA4,3KW,400V,6.8A,14RPM;Installed;PM8.HOO/LD-03/M;3653;https://www.safesave.info/MIC.php?id=Fajar-MotorList3653;2023-10-21 12:19:21
EMO004552;FP-01-PM8-HOO-LD04;;BAUER,BK60-11U/D09XA4,3KW,400V,6.8A,14RPM;Installed;PM8.HOO/LD-04/M;3654;https://www.safesave.info/MIC.php?id=Fajar-MotorList3654;2023-10-21 12:19:21
EMO004553;FP-01-PM8-HOO-LD05;;BAUER,BK60-11U/D09XA4,3KW,400V,6.8A,14RPM;Installed;PM8.HOO/LD-05/M;3655;https://www.safesave.info/MIC.php?id=Fajar-MotorList3655;2023-10-21 12:19:21
EMO004554;FP-01-PM8-HOO-LD06;;BAUER,BK60-11U/D09XA4,3KW,400V,6.8A,14RPM;Installed;PM8.HOO/LD-06/M;3656;https://www.safesave.info/MIC.php?id=Fajar-MotorList3656;2023-10-21 12:19:21
EMO004555;FP-01-PM8-HOO-LD07;;BAUER,BK60-11U/D09XA4,3KW,400V,6.8A,14RPM;Installed;PM8.HOO/LD-07/M;3657;https://www.safesave.info/MIC.php?id=Fajar-MotorList3657;2023-10-21 12:19:21
EMO004610;FP-01-PM8-WRE-BTWR-DO01;;BAUER,BK60-11U/D09XA4,3KW,400V,6.8A,14RPM;Installed;PM8.W–BR–3/DO/GM/M;3658;https://www.safesave.info/MIC.php?id=Fajar-MotorList3658;2023-10-21 12:19:21
EMO004382;FP-01-PM8-HYD-T920-P921;;ABB,M2BA120L-4,22KW,43A,380V,4P;Installed;PM8.HYD.P921/M;3659;https://www.safesave.info/MIC.php?id=Fajar-MotorList3659;2023-10-21 12:19:21
EMO004386;FP-01-PM8-HYD-T920-P922;;OYSTROMBERG,ABHXUR,368G2,180M48,22KW,43A,4P,380V;Installed;PM8.HYD.P922/M;3660;https://www.safesave.info/MIC.php?id=Fajar-MotorList3660;2023-10-21 12:19:21
EMO004387;FP-01-PM8-HYD-T920-P923;;OYSTROMBERG,ABHXUR,328A2B3,160L4-2,15KW,30A,4P,380V;Installed;PM8.HYD.P923/M;3661;https://www.safesave.info/MIC.php?id=Fajar-MotorList3661;2023-10-21 12:19:21
EMO004385;FP-01-PM8-HYD-T920-P924;;"ABB; M2AA 090L; 1.5KW; 3.50A; 4P; 380V";Installed;PM8.HYD.P924/M;3662;https://www.safesave.info/MIC.php?id=Fajar-MotorList3662;2023-10-21 12:19:21
EMO004383;FP-01-PM8-HYD-T930-P930;;AC,MOTOREN,6MBH,FCM,250M4,55KW,4P,380V;Installed;PM8.HYD.P930/M1FP01EH06K25(M);3663;https://www.safesave.info/MIC.php?id=Fajar-MotorList3663;2023-10-21 12:19:21
EMO004384;FP-01-PM8-HYD-T930-P931;;AC,MOTOREN,6MBH,FCM,250M4,55KW,4P,380V;Installed;PM8.HYD.P931/M1FP01EH07K25(M);3664;https://www.safesave.info/MIC.php?id=Fajar-MotorList3664;2023-10-21 12:19:21
EMO004388;FP-01-PM8-HYD-T930-P932;;AC,MOTOREN,6MBH,FCPA,132M-4,7.5KW,15.3A,4P,380V;Installed;PM8.HYD.P932/M;3665;https://www.safesave.info/MIC.php?id=Fajar-MotorList3665;2023-10-21 12:19:21
EMO004389;FP-01-PM8-HYD-T930-P933;;AC,MOTOREN,6MBH,FCPA,132M-4,7.5KW,15.3A,4P,380V;Installed;PM8.HYD.P933/M;3666;https://www.safesave.info/MIC.php?id=Fajar-MotorList3666;2023-10-21 12:19:21
EMO004390;FP-01-PM8-HYD-T930-P934;;AC,MOTOREN,6MBH,FCMP,280M-4,90KW,167.05A,380V,4P;Installed;PM8.HYD.P934/M;3667;https://www.safesave.info/MIC.php?id=Fajar-MotorList3667;2023-10-21 12:19:21
EMO004391;FP-01-PM8-HYD-T930-P935;;AC,MOTOREN,6MBH,FCMP,280M-4,90KW,167.05A,380V,4P;Installed;PM8.HYD.P935/M;3668;https://www.safesave.info/MIC.php?id=Fajar-MotorList3668;2023-10-21 12:19:21
EMO004392;FP-01-PM8-HYD-T940-P940;;VEM,MOTOR,K21R,112M-4,4.8KW,480V,4P,8.7A,;Installed;PM8.HYD.P940/M;3669;https://www.safesave.info/MIC.php?id=Fajar-MotorList3669;2023-10-21 12:19:21
EMO004393;FP-01-PM8-HYD-T940-P941;;OYSTROMBERG,HXUR,225A2V1,4KW,8.7A,4P,380V;Installed;PM8.HYD.P941/M;3670;https://www.safesave.info/MIC.php?id=Fajar-MotorList3670;2023-10-21 12:19:21
EMO004562;FP-01-PM8-HYD-T945-P945;;HUYER,HMC3,160M,4.11KW,21A,4P,400V;Installed;PM8.HYD/MCL-MJH/M;3671;https://www.safesave.info/MIC.php?id=Fajar-MotorList3671;2023-10-21 12:19:21
EMO004563;FP-01-PM8-HYD-T945-P946;;BEVI2SIEL,90L4,1.5KW,3.4A,4P;Installed;PM8.MCL.OIL/M;3672;https://www.safesave.info/MIC.php?id=Fajar-MotorList3672;2023-10-21 12:19:21
EMO004526;FP-01-PM8-HYD-T950;;OLAER,YXL,100L-6,1.5KW,4A,6P,380V;Installed;PM8.AF01/AIRFANCOOLER/M;3673;https://www.safesave.info/MIC.php?id=Fajar-MotorList3673;2023-10-21 12:19:21
EMO004396;FP-01-PM8-HYD-T950-P950;;OYSTROMBERG,HXUR,22KW,43A,4P,380V;Installed;PM8.HYD.P950/M;3674;https://www.safesave.info/MIC.php?id=Fajar-MotorList3674;2023-10-21 12:19:21
EMO004397;FP-01-PM8-HYD-T950-P951;;ABB,22KW,40A,4P,380V;Installed;PM8.HYD.P951/M;3675;https://www.safesave.info/MIC.php?id=Fajar-MotorList3675;2023-10-21 12:19:21
EMO004398;FP-01-PM8-HYD-T950-P952;;ABB,MT100LA,28F,215-4,2.2KW,5.2A,4P,380V;Installed;PM8.HYD.P952/M;3676;https://www.safesave.info/MIC.php?id=Fajar-MotorList3676;2023-10-21 12:19:21
EMO004421;FP-01-PM8-HYD-T960-P960;;TECO,AEEFLD,F200LC,37KW,71.6A,4P,380V;Installed;PM8.HYD.P960/M;3677;https://www.safesave.info/MIC.php?id=Fajar-MotorList3677;2023-10-21 12:19:21
EMO004422;FP-01-PM8-HYD-T960-P961;;TECO,AEEFLD,F200LC,37KW,71.6A,4P,380V;Installed;PM8.HYD.P961/M;3678;https://www.safesave.info/MIC.php?id=Fajar-MotorList3678;2023-10-21 12:19:21
EMO004423;FP-01-PM8-HYD-T960-P962;;TECO,AEEFLD,F200LC,37KW,71.6A,4P,380V;Installed;PM8.HYD.P962/M;3679;https://www.safesave.info/MIC.php?id=Fajar-MotorList3679;2023-10-21 12:19:21
EMO004424;FP-01-PM8-HYD-T960-P963;;TECO,AEEFPA,F100L,2.2KW,5.12A,4P,380V;Installed;PM8.HYD.P963/M;3680;https://www.safesave.info/MIC.php?id=Fajar-MotorList3680;2023-10-21 12:19:21
EMO004404;FP-01-PM8-HYD-T970-P970;;ABB,IEC250M,55KW,102A,4P,380V;Installed;PM8.HYD.P970/M;3681;https://www.safesave.info/MIC.php?id=Fajar-MotorList3681;2023-10-21 12:19:21
EMO004405;FP-01-PM8-HYD-T970-P971;;ABB,IEC250M,55KW,102A,4P,380V;Installed;PM8.HYD.P971/M;3682;https://www.safesave.info/MIC.php?id=Fajar-MotorList3682;2023-10-21 12:19:21
EMO004406;FP-01-PM8-HYD-T970-P972;;TECO,AEEBK90L-4,1.5KW,3.5A,4P,380V;Installed;PM8.HYD.P972/M;3683;https://www.safesave.info/MIC.php?id=Fajar-MotorList3683;2023-10-21 12:19:21
EMO004407;FP-01-PM8-HYD-T970-P973;;TECO,AEEBK90L-4,1.5KW,3.5A,4P,380V;Installed;PM8.HYD.P973/M;3684;https://www.safesave.info/MIC.php?id=Fajar-MotorList3684;2023-10-21 12:19:21
EMO004408;FP-01-PM8-HYD-T970-P974;;ABB,M2QA,132M4A,7.5KW,15.2A,4P,380V;Installed;PM8.HYD.P974/M;3685;https://www.safesave.info/MIC.php?id=Fajar-MotorList3685;2023-10-21 12:19:21
EMO004409;FP-01-PM8-HYD-T970-P975;;"AC MOTOR;380V,50Hz,1.5kW,4P,3.5A";Installed;PM8.HYD.P975/M;3686;https://www.safesave.info/MIC.php?id=Fajar-MotorList3686;2023-10-21 12:19:21
EMO004523;FP-01-PM8-HYD-T980;;OLAER,YXL100L-6,1.5KW,4A,380V,6P;Installed;PM8.AF02/AIRFANCOOLER/M;3687;https://www.safesave.info/MIC.php?id=Fajar-MotorList3687;2023-10-21 12:19:21
EMO004425;FP-01-PM8-HYD-T980-P980;;OYSTROMBERGAB,HXUR,405A2,30KW,58A,380V,4P;Installed;PM8.HYD.P980/M;3688;https://www.safesave.info/MIC.php?id=Fajar-MotorList3688;2023-10-21 12:19:21
EMO004427;FP-01-PM8-HYD-T980-P981;;ABB,HXA180L4,22KW,45A,4P,380V;Installed;PM8.HYD.P981/M;3689;https://www.safesave.info/MIC.php?id=Fajar-MotorList3689;2023-10-21 12:19:21
EMO004426;FP-01-PM8-HYD-T980-P982;;ABB,HXA200M4,30KW,59A,4P,380V;Installed;PM8.HYD.P982/M;3690;https://www.safesave.info/MIC.php?id=Fajar-MotorList3690;2023-10-21 12:19:21
EMO004428;FP-01-PM8-HYD-T980-P983;;ABB,M2HA,100;Installed;PM8.HYD.P983/M;3691;https://www.safesave.info/MIC.php?id=Fajar-MotorList3691;2023-10-21 12:19:21
EMO004524;FP-01-PM8-HYD-T990-P990;;TATUNG,IK/DB,2910,112M,3.7KW,8.7A,4P;Installed;PM8.HYD.P990/M;3692;https://www.safesave.info/MIC.php?id=Fajar-MotorList3692;2023-10-21 12:19:21
EMO004525;FP-01-PM8-HYD-T990-P991;;Motor terkunci dalam Panel;Installed;PM8.HYD.P991/M;3693;https://www.safesave.info/MIC.php?id=Fajar-MotorList3693;2023-10-21 12:19:21
EMO004417;FP-01-PM8-HYD-T990-P992;;Motor terkunci dalam Panel;Installed;PM8.HYD.P992/M;3694;https://www.safesave.info/MIC.php?id=Fajar-MotorList3694;2023-10-21 12:19:21
EMO004418;FP-01-PM8-HYD-T995-P995;;TATUNG,BBFC,BHHD,180F,18.3KW,37.6A,4P,380V;Installed;PM8.HYD.P995/M;3695;https://www.safesave.info/MIC.php?id=Fajar-MotorList3695;2023-10-21 12:19:21
EMO004419;FP-01-PM8-HYD-T995-P996;;TATUNG,BBFC,BHHD,180F,18.3KW,37.6A,4P,380V;Installed;PM8.HYD.P996/M;3696;https://www.safesave.info/MIC.php?id=Fajar-MotorList3696;2023-10-21 12:19:21
EMO004420;FP-01-PM8-HYD-T995-P997;;XUHSENG,BC2290,1/2HP,2P,1.2A,280V;Installed;PM8.HYD.P997/M;3697;https://www.safesave.info/MIC.php?id=Fajar-MotorList3697;2023-10-21 12:19:21
EMO004527;FP-01-PM8-LUB-T9A1-P9A1;;OYSTROMBERGAB,HXUR,408G2,37KW,71A,4P,380V;Installed;PM8.LUB.P9A1/M;3698;https://www.safesave.info/MIC.php?id=Fajar-MotorList3698;2023-10-21 12:19:21
EMO004528;FP-01-PM8-LUB-T9A1-P9A2;;ABB,HXA200LB-4,37KW,73A,4P,380V;Installed;PM8.LUB.P9A2/M;3699;https://www.safesave.info/MIC.php?id=Fajar-MotorList3699;2023-10-21 12:19:21
EMO004529;FP-01-PM8-LUB-T9B1-P9B1;;ABB,M3AA,180ML4,18.5KW,34.5A,4P,380V;Installed;PM8.LUB.P9B1/M;3700;https://www.safesave.info/MIC.php?id=Fajar-MotorList3700;2023-10-21 12:19:21
EMO004530;FP-01-PM8-LUB-T9B1-P9B2;;ABB,M3AA,180ML4,18.5KW,34.5A,4P,380V;Installed;PM8.LUB.P9B2/M;3701;https://www.safesave.info/MIC.php?id=Fajar-MotorList3701;2023-10-21 12:19:21
MFB000328;FP-01-PM8-MCL-BL05;;"VACUUM FAN;G2002BH19437GH47,G DENVER/SIEMENS,25KW,52A,2P";Installed;PM8/VB.BEAM#1.2.3-BL;3702;https://www.safesave.info/MIC.php?id=Fajar-MotorList3702;2023-10-21 12:19:21
MFB000329;FP-01-PM8-MCL-BL06;;"VACUUM FAN;G2002BH19437GH47,G DENVER/SIEMENS,25KW,52A,2P";Installed;PM8/VB.BEAM#4-BL;3703;https://www.safesave.info/MIC.php?id=Fajar-MotorList3703;2023-10-21 12:19:21
EMO004564;FP-01-PM8-PMA-CRN1-CTR1;;DEMAG,ZBF112A8-2,0.46/1.90KW,2.50/4.30A,705/2855RPM,380V;Installed;PM8.CRN1.CTR1/M1A;3704;https://www.safesave.info/MIC.php?id=Fajar-MotorList3704;2023-10-21 12:19:21
EMO004566;FP-01-PM8-PMA-CRN1-HST1;;DEMAG,ZBR132D12-2,1.4/8.9KW,9.6/18.5A,400/2870RPM,380V;Installed;PM8.CRN1.HST1/M;3705;https://www.safesave.info/MIC.php?id=Fajar-MotorList3705;2023-10-21 12:19:21
EMO004565;FP-01-PM8-PMA-CRN1-LTR1;;DEMAG,ZBF132B82,0.88/3.50KW,4.10/7.7A,8P/2P,380V;Installed;PM8.CRN1.LTR1/M;3706;https://www.safesave.info/MIC.php?id=Fajar-MotorList3706;2023-10-21 12:19:21
EMO004567;FP-01-PM8-PMA-CRN2-CTR1;;DEMAG,ZBF112A8-2,0.46/1.90KW,2.50/4.30A,705/2855RPM,380V;Installed;PM8.CRN2.CTR1/M1A;3707;https://www.safesave.info/MIC.php?id=Fajar-MotorList3707;2023-10-21 12:19:21
EMO004569;FP-01-PM8-PMA-CRN2-HST1;;DEMAG,ZBR200B12-2,3.4/21.7KW,23/43A,470/2915RPM,380V;Installed;PM8.CRN2.HST1/M;3708;https://www.safesave.info/MIC.php?id=Fajar-MotorList3708;2023-10-21 12:19:21
EMO004571;FP-01-PM8-PMA-CRN2-HST2;;DEMAG,KBA112B4,5.2KW,14.2A,1410RPM,4P,380V;Installed;PM8.CRN2.HST2/M_FAST;3709;https://www.safesave.info/MIC.php?id=Fajar-MotorList3709;2023-10-21 12:19:21
EMO004572;FP-01-PM8-PMA-CRN2-HST2;;DEMAG,KBH225B6,40KW,95A,970RPM,6P,380V;Installed;PM8.CRN2.HST2/M_SLOW;3710;https://www.safesave.info/MIC.php?id=Fajar-MotorList3710;2023-10-21 12:19:21
EMO004570;FP-01-PM8-PMA-CRN2-HST3;;DEMAG,ZBR200B12-2,3.4/21.7KW,23/43A,470/2915RPM,380V;Installed;PM8.CRN2.HST3/M;3711;https://www.safesave.info/MIC.php?id=Fajar-MotorList3711;2023-10-21 12:19:21
EMO004568;FP-01-PM8-PMA-CRN2-LTR1;;DEMAG,ZBF132B82,0.88/3.50KW,4.10/7.7A,8P/2P,700/2860RPM,380V;Installed;PM8.CRN2.LTR1/M;3712;https://www.safesave.info/MIC.php?id=Fajar-MotorList3712;2023-10-21 12:19:21
EMO004574;FP-01-PM8-PMA-CRN3-CTR1;;DEMAG,ZBF112A8-2,0.46/1.90KW,280/430A,705/2855RPM,380V;Installed;PM8.CRN3.CTR1/M1A;3713;https://www.safesave.info/MIC.php?id=Fajar-MotorList3713;2023-10-21 12:19:21
EMO004575;FP-01-PM8-PMA-CRN3-HST1;;DEMAG,ZBR200B12-2,3.4/21.7KW,23/43A,470/2915RPM,380V;Installed;PM8.CRN3.HST1/M;3714;https://www.safesave.info/MIC.php?id=Fajar-MotorList3714;2023-10-21 12:19:21
EMO004573;FP-01-PM8-PMA-CRN3-LTR1;;DEMAG,ZBF132B82,0.88/3.50KW,4.10/7.7A,700/2860RPM,8P/2P,380V;Installed;PM8.CRN3.LTR1/M;3715;https://www.safesave.info/MIC.php?id=Fajar-MotorList3715;2023-10-21 12:19:21
EMO004535;FP-01-PM8-PRS-PRS1-BL01;;MARATHON,HJN1,225M,45KW,81.8A,2P,380V;Installed;PM8.PRS1.BL01/SH19CV00G01;3716;https://www.safesave.info/MIC.php?id=Fajar-MotorList3716;2023-10-21 12:19:21
EMO004492;FP-01-PM8-PRS-PRS1-MD04;;MOTOR,AC,IDF-CHK11 800A,500KW,4P,420V;Installed;PM8/PRS1-MD04-KUSTER;3717;https://www.safesave.info/MIC.php?id=Fajar-MotorList3717;2023-10-21 12:19:21
EMO003906;FP-01-PM8-PRS-PRS1-TRC2;10011018;"MOTOR;400V,135Hz,0.95kW,3.4A,DGK106120";Installed;PM8.PRS1/TRC2/M;3718;https://www.safesave.info/MIC.php?id=Fajar-MotorList3718;2023-10-21 12:19:21
EMO004493;FP-01-PM8-PRS-PRS2-MD05;;MOTOR,AC,ICF-CHKM11 770A,750KW,6P,690V;Installed;PM8/PRS-PRS2-MD05;3719;https://www.safesave.info/MIC.php?id=Fajar-MotorList3719;2023-10-21 12:19:21
EMO004494;FP-01-PM8-PRS-PRS2-MD06;;MOTOR,AC,ICF-CHKM11 770A,750KW,6P,690V;Installed;PM8/PRS-PRS2-MD06;3720;https://www.safesave.info/MIC.php?id=Fajar-MotorList3720;2023-10-21 12:19:21
EMO004517;FP-01-PM8-REL-MD28;;MOTOR,AC,IDF-CHK11 405A,250KW,4P,420V;Installed;PM8/REL-RD01-MD28;3721;https://www.safesave.info/MIC.php?id=Fajar-MotorList3721;2023-10-21 12:19:21
EMO004516;FP-01-PM8-REL-MD29;;MOTOR,AC,TIKK 26A,15KW,4P,420V;Installed;PM8/REL-ER05-MD29;3722;https://www.safesave.info/MIC.php?id=Fajar-MotorList3722;2023-10-21 12:19:21
EMO004518;FP-01-PM8-REL-MD33;;MOTOR,AC,TIKK 56A,33KW,6P,420V;Installed;PM8/REL-RSD1-MD33;3723;https://www.safesave.info/MIC.php?id=Fajar-MotorList3723;2023-10-21 12:19:21
EMO004641;FP-01-PM8-RHD-STRP;;SEW,DRS 90M8/2BEI,1.3KW,3.30A,8P,380V;Installed;PM8-STRP-M01 UP/DOWN/M;3724;https://www.safesave.info/MIC.php?id=Fajar-MotorList3724;2023-10-21 12:19:21
EMO005300;FP-01-PM8-RHD-STRP;;"AC MOTOR#02;380V,50Hz,0.75kW,4P,1.8A";Installed;PM8-STRP-M02;3725;https://www.safesave.info/MIC.php?id=Fajar-MotorList3725;2023-10-21 12:19:21
EMO004643;FP-01-PM8-RHD-STRP;;"AC MOTOR#03;380V,50Hz,0.75kW,4P,1.8A";Installed;PM8-STRP-M03;3726;https://www.safesave.info/MIC.php?id=Fajar-MotorList3726;2023-10-21 12:19:21
EMO004318;FP-01-PM8-STA-P890;;SIEMENS,ICV2,1822B,18.5KW,35.0,4P,400V;Installed;PM8.STA/PM8PV01(M);3727;https://www.safesave.info/MIC.php?id=Fajar-MotorList3727;2023-10-21 12:19:21
EMO003847;FP-01-PM8-STA-P891;10028743;MOTOR,AC,M2AA180M4,ABB,18.5KW,36A,380V;Installed;PM8.STA/PM8PV03(M);3728;https://www.safesave.info/MIC.php?id=Fajar-MotorList3728;2023-10-21 12:19:21
EMO004320;FP-01-PM8-STA-P895;;SIEMENS,ICV2,1822B,18.5KW,35.0,4P,400V;Installed;PM8.STA/PM8PV02(M);3729;https://www.safesave.info/MIC.php?id=Fajar-MotorList3729;2023-10-21 12:19:21
EMO004329;FP-01-PM8-STA-SR80;10010645;"AC MOTOR;380V,50Hz,1.25kW,4P,2.13A";Installed;PM8.STA/PM8VS01(M);3730;https://www.safesave.info/MIC.php?id=Fajar-MotorList3730;2023-10-21 12:19:21
EMO004330;FP-01-PM8-STA-SR81;10010645;MOTOR,AC,CM143/P4,BOMEC,1.25KW,2.12A,4P;Installed;PM8.STA/PM8VS02(M);3731;https://www.safesave.info/MIC.php?id=Fajar-MotorList3731;2023-10-21 12:19:21
EMO004332;FP-01-PM8-STA-SR82;10010645;MOTOR,AC,CM143/P4,BOMEC,1.25KW,2.12A,4P;Installed;PM8.STA/PM8VS03(M);3732;https://www.safesave.info/MIC.php?id=Fajar-MotorList3732;2023-10-21 12:19:21
EMO003803;FP-01-PM8-STA-SR83;10010645;MOTOR,AC,CM143/P4,BOMEC,1.25KW,2.12A,4P;Installed;PM8.STA/PM8VS04(M);3733;https://www.safesave.info/MIC.php?id=Fajar-MotorList3733;2023-10-21 12:19:21
EMO004439;FP-01-PM8-STC-P710;;MARATHON,HJN1,100L2-4,3KW,6.50A,4P,380V;Installed;PM8.STC/CP-001(M);3734;https://www.safesave.info/MIC.php?id=Fajar-MotorList3734;2023-10-21 12:19:21
EMO004440;FP-01-PM8-STC-P711;;MARATHON,HJN1,100L2-4,3KW,6.50A,4P,380V;Installed;PM8.STC/CP-002(M);3735;https://www.safesave.info/MIC.php?id=Fajar-MotorList3735;2023-10-21 12:19:21
EMO004441;FP-01-PM8-STC-P720;;MARATHON,HJN1,100L2-4,3KW,6.50A,4P,380V;Installed;PM8.STC/CP1-003(M);3736;https://www.safesave.info/MIC.php?id=Fajar-MotorList3736;2023-10-21 12:19:21
EMO004442;FP-01-PM8-STC-P721;;MARATHON,HJN1,100L2-4,3KW,6.50A,4P,380V;Installed;PM8.STC/CP2-003(M);3737;https://www.safesave.info/MIC.php?id=Fajar-MotorList3737;2023-10-21 12:19:21
EMO004443;FP-01-PM8-STC-P730;;MARATHON,HJN1,112M-4,4KW,8.5A,4P,380V;Installed;PM8.STC/CP1-004(M);3738;https://www.safesave.info/MIC.php?id=Fajar-MotorList3738;2023-10-21 12:19:21
EMO004444;FP-01-PM8-STC-P731;;MARATHON,HJN1,112M-4,4KW,8.5A,4P,380V;Installed;PM8.STC/CP2-004(M);3739;https://www.safesave.info/MIC.php?id=Fajar-MotorList3739;2023-10-21 12:19:21
EMO004445;FP-01-PM8-STC-P740;;MARATHON,HJN1,112M-4,4KW,8.5A,4P,380V;Installed;PM8.STC/CP1-007(M);3740;https://www.safesave.info/MIC.php?id=Fajar-MotorList3740;2023-10-21 12:19:21
EMO004446;FP-01-PM8-STC-P741;;MARATHON,HJN1,112M-4,4KW,8.5A,4P,380V;Installed;PM8.STC/CP2-007(M);3741;https://www.safesave.info/MIC.php?id=Fajar-MotorList3741;2023-10-21 12:19:21
EMO004447;FP-01-PM8-STC-P750;;MARATHON,HJN1,180M-2,22KW,40.7A,2P,380V;Installed;PM8.STC/CP1-CT(M);3742;https://www.safesave.info/MIC.php?id=Fajar-MotorList3742;2023-10-21 12:19:21
EMO004448;FP-01-PM8-STC-P751;;MARATHON,HJN1,180M-2,22KW,40.7A,2P,380V;Installed;PM8.STC/CP2-CT(M);3743;https://www.safesave.info/MIC.php?id=Fajar-MotorList3743;2023-10-21 12:19:21
EMO001688;FP-01-PM8-STC-VP01;10010745;"AC MOTOR;380V,50Hz,11kW,4P,180L,B3";Installed;PM8.STC/S-SV-10/M;3744;https://www.safesave.info/MIC.php?id=Fajar-MotorList3744;2023-10-21 12:19:21
EMO004478;FP-01-PM8-VAS-P610;;CUTES,YE3-132-M-4,7.5KW,15A,4P,380V;Installed;PM8.VAS/P-SP-10(M);3745;https://www.safesave.info/MIC.php?id=Fajar-MotorList3745;2023-10-21 12:19:21
EMO004479;FP-01-PM8-VAS-P620;;CUTES,YE3-132-M-4,5.5KW,11.2A,4P,380V;Installed;PM8.VAS/P-SP-11(M);3746;https://www.safesave.info/MIC.php?id=Fajar-MotorList3746;2023-10-21 12:19:21
EMO004623;FP-01-PM8-VAS-P630;;CUTES,YE3-132-M-4,5.5KW,11.2A,4P,380V;Installed;PM8.VAS/P-SP-12(M);3747;https://www.safesave.info/MIC.php?id=Fajar-MotorList3747;2023-10-21 12:19:21
EMO004624;FP-01-PM8-VAS-P640;;CUTES,YE3-132-M-4,7.5KW,15A,4P,380V;Installed;PM8.VAS/P-SP-13(M);3748;https://www.safesave.info/MIC.php?id=Fajar-MotorList3748;2023-10-21 12:19:21
EMO004625;FP-01-PM8-VAS-P650;;CUTES,YE3-132-M-4,7.5KW,15A,4P,380V;Installed;PM8.VAS/P-SP-14(M);3749;https://www.safesave.info/MIC.php?id=Fajar-MotorList3749;2023-10-21 12:19:21
EMO004626;FP-01-PM8-VAS-P660;;CUTES,YE3-132-M-4,5.5KW,11.2A,4P,380V;Installed;PM8.VAS/P-SP-15(M);3750;https://www.safesave.info/MIC.php?id=Fajar-MotorList3750;2023-10-21 12:19:21
EMO004627;FP-01-PM8-VAS-P670;;CUTES,YE3-132-M-4,7.5KW,15A,4P,380V;Installed;PM8.VAS/P-SP-16(M);3751;https://www.safesave.info/MIC.php?id=Fajar-MotorList3751;2023-10-21 12:19:21
EMO004628;FP-01-PM8-VAS-P680;;MARATHON,HJN1,160M-4,11KW,22.2A,4P,380V;Installed;PM8.VAS/P-SW-10(M);3752;https://www.safesave.info/MIC.php?id=Fajar-MotorList3752;2023-10-21 12:19:21
EMO004186;FP-01-PM8-VAS-P690;;MARATHON,HJN1,200L-4,30KW,57.4A,4P,380V;Installed;PM8.VAS/P-VP-10(M);3753;https://www.safesave.info/MIC.php?id=Fajar-MotorList3753;2023-10-21 12:19:21
EMO004187;FP-01-PM8-VAS-P691;;MARATHON,HJN1,200L-4,30KW,57.4A,4P,380V;Installed;PM8.VAS/P-VP-11/M;3754;https://www.safesave.info/MIC.php?id=Fajar-MotorList3754;2023-10-21 12:19:21
EMO004467;FP-01-PM8-VAS-VP10;;ABB,HXUR808G2,500KW,114A,4P,380V;Installed;PM8.VAS/P-VP-01/M;3755;https://www.safesave.info/MIC.php?id=Fajar-MotorList3755;2023-10-21 12:19:21
EMO004468;FP-01-PM8-VAS-VP20;;TMEIC,BHKW11,F315H,355KW,85.0A,3KV,4P;Installed;PM8.VAS/P-VP-02/M;3756;https://www.safesave.info/MIC.php?id=Fajar-MotorList3756;2023-10-21 12:19:21
EMO004469;FP-01-PM8-VAS-VP30;;TMEIC,BHKW11,F315H,355KW,85.0A,3KV,4P;Installed;PM8.VAS/P-VP-03/M;3757;https://www.safesave.info/MIC.php?id=Fajar-MotorList3757;2023-10-21 12:19:21
EMO004470;FP-01-PM8-VAS-VP40;;TMEIC,BHKW11,F315H,355KW,85.0A,3KV,4P;Installed;PM8.VAS/P-VP-04/M;3758;https://www.safesave.info/MIC.php?id=Fajar-MotorList3758;2023-10-21 12:19:21
EMO004471;FP-01-PM8-VAS-VP50;;TMEIC,BHKW11,F315H,355KW,85.0A,3KV,4P;Installed;PM8.VAS/P-VP-05/M;3759;https://www.safesave.info/MIC.php?id=Fajar-MotorList3759;2023-10-21 12:19:21
EMO004472;FP-01-PM8-VAS-VP60;;TMEIC,BHKW11,F315H,355KW,85.0A,3KV,4P;Installed;PM8.VAS/P-VP-06/M;3760;https://www.safesave.info/MIC.php?id=Fajar-MotorList3760;2023-10-21 12:19:21
EMO004473;FP-01-PM8-VAS-VP70;;TMEIC,BHKW11,F315H,355KW,85.0A,3KV,4P;Installed;PM8.VAS/P-VP-07/M;3761;https://www.safesave.info/MIC.php?id=Fajar-MotorList3761;2023-10-21 12:19:21
EMO004474;FP-01-PM8-VAS-VP80;;TMEIC,BHKW11,F315H,355KW,85.0A,3KV,4P;Installed;PM8.VAS/P-VP-08/M;3762;https://www.safesave.info/MIC.php?id=Fajar-MotorList3762;2023-10-21 12:19:21
EMO004475;FP-01-PM8-VAS-VP90;;OYSTROMBERG,HXUR808G2,500KW,114A,3KV;Installed;PM8.VAS/P-VP-09/M;3763;https://www.safesave.info/MIC.php?id=Fajar-MotorList3763;2023-10-21 12:19:21
EMO004490;FP-01-PM8-WRE-BTWR-MD02;;MOTOR,AC,IDF-CHK11 800A,500KW,4P,420V;Installed;PM8/WRE-BTWR-MD02;3764;https://www.safesave.info/MIC.php?id=Fajar-MotorList3764;2023-10-21 12:19:21
EMO003949;FP-01-PM8-WRE-BTWR-MD03;;"AC MOTOR;410V,50Hz,710kW,4P,400H,B3";Installed;PM8/WRE-BTWR-MD03/M;3765;https://www.safesave.info/MIC.php?id=Fajar-MotorList3765;2023-10-21 12:19:21
EMO004489;FP-01-PM8-WRE-TPWR-MD01;;MOTOR,AC,IDF-CHK11 575A,355KW,4P,420V;Installed;PM8/WRE-TPWR-MD01;3766;https://www.safesave.info/MIC.php?id=Fajar-MotorList3766;2023-10-21 12:19:21
EMO004453;FP-01-PM8-WWS-CU20;;TRUWATER,MK160M,11KW,22.5A,4P,380V;Installed;PM8.CU20/C-SV-10/M;3767;https://www.safesave.info/MIC.php?id=Fajar-MotorList3767;2023-10-21 12:19:21
EMO004454;FP-01-PM8-WWS-CU21;;TRUWATER,MK160M,11KW,22.5A,4P,380V;Installed;PM8.CU21/C-SV-20/M;3768;https://www.safesave.info/MIC.php?id=Fajar-MotorList3768;2023-10-21 12:19:21
EMO004088;FP-01-PM8-WWS-P360;;MARATHON,HJN1,225,37KW,69.7A,4P,380V;Installed;PM8.WWS/P-19(M);3769;https://www.safesave.info/MIC.php?id=Fajar-MotorList3769;2023-10-21 12:19:21
EMO002691;FP-01-PM8-WWS-P370;;MARATHON,HJN1,250M,55KW,99.6A,2P,380V;Installed;PM8.WWS/P-20(M);3770;https://www.safesave.info/MIC.php?id=Fajar-MotorList3770;2023-10-21 12:19:21
EMO004090;FP-01-PM8-WWS-P371;;MARATHON,HJN1,280S-4,75KW,67.5A,4P,380V;Installed;PM8.WWS/P-21(M);3771;https://www.safesave.info/MIC.php?id=Fajar-MotorList3771;2023-10-21 12:19:21
EMO004126;FP-01-PM8-WWS-P372;;MARATHON,HAA355-2,200KW,54.2A,3KV,2P;Installed;PM8.WWS/P-FW-32(M);3772;https://www.safesave.info/MIC.php?id=Fajar-MotorList3772;2023-10-21 12:19:21
EMO004466;FP-01-PM8-WWS-P373;;MARATHON,HJN1,160M2,15KW,28.4A,2P,380V;Installed;PM8.WWS/LH01TP00G01(M);3773;https://www.safesave.info/MIC.php?id=Fajar-MotorList3773;2023-10-21 12:19:21
EMO004124;FP-01-PM8-WWS-P410;;MARATHON,HJN1,200L-2,37KW,67.5A,4P,380V;Installed;PM8.WWS/P-FW-30(M);3774;https://www.safesave.info/MIC.php?id=Fajar-MotorList3774;2023-10-21 12:19:21
EMO004125;FP-01-PM8-WWS-P411;;MARATHON,HJN1,280S-2,75KW,135A,2P,380V;Installed;PM8.WWS/P-FW-31(M);3775;https://www.safesave.info/MIC.php?id=Fajar-MotorList3775;2023-10-21 12:19:21
EMO004184;FP-01-PM8-WWS-P412;;MARATHON,HJN1,180M2,22KW,40.7A,4P,380V;Installed;PM8.WWS/P-33(M);3776;https://www.safesave.info/MIC.php?id=Fajar-MotorList3776;2023-10-21 12:19:21
EMO004128;FP-01-PM8-WWS-P414;;MARATHON,HJN1,225M2,45KW,81.8A,4P,380V;Installed;PM8.WWS/P-FW-34(M);3777;https://www.safesave.info/MIC.php?id=Fajar-MotorList3777;2023-10-21 12:19:21
EMO004188;FP-01-PM8-WWS-P460;;MARATHON,HJN1,180L-4,22KW,42.4A,4P,380V;Installed;PM8.FWS/P-SV-20(M);3778;https://www.safesave.info/MIC.php?id=Fajar-MotorList3778;2023-10-21 12:19:21
EMO004189;FP-01-PM8-WWS-P461;;MARATHON,HJN1,100L2-4,3KW,6.50A,4P,380V;Installed;PM8.FWS/P-SV-21(M);3779;https://www.safesave.info/MIC.php?id=Fajar-MotorList3779;2023-10-21 12:19:21
EMO004174;FP-01-SP8-BRS-A110;;MARATHON,HJN1,180L-6,15KW,31.4A,380V,6P;Installed;SP8.BRS/A-C-2(M);3780;https://www.safesave.info/MIC.php?id=Fajar-MotorList3780;2023-10-21 12:19:21
EMO004169;FP-01-SP8-BRS-A120;;MARATHON,HJN1,225M2,30KW,39.2A,6P,380V;Installed;SP8.BRS/A-C-3(M);3781;https://www.safesave.info/MIC.php?id=Fajar-MotorList3781;2023-10-21 12:19:21
EMO004294;FP-01-SP8-BRS-A130;;MARATHON,HJN1,160L,7.5KW,17A,6P,380V;Installed;SP8.BRS/A-C-4(M);3782;https://www.safesave.info/MIC.php?id=Fajar-MotorList3782;2023-10-21 12:19:21
EMO004102;FP-01-SP8-BRS-P100;;MARATHON,HJN1,315M-4,132KW,241A,4P,280V;Installed;SP8.BRS/P-B-8(M);3783;https://www.safesave.info/MIC.php?id=Fajar-MotorList3783;2023-10-21 12:19:21
EMO004103;FP-01-SP8-BRS-P101;;MARATHON,HJN1,315L1-4,160KW,4P,288A,380V;Installed;SP8.BRS/P-B-8-2(M);3784;https://www.safesave.info/MIC.php?id=Fajar-MotorList3784;2023-10-21 12:19:21
EMO004104;FP-01-SP8-BRS-P102;;MARATHON,HJN1,200L-4,30KW,57.4A,4P,380V;Installed;SP8.BRS/P-B-9(M);3785;https://www.safesave.info/MIC.php?id=Fajar-MotorList3785;2023-10-21 12:19:21
EMO004105;FP-01-SP8-BRS-P103;;MARATHON,HAA400-6,200KW,51A,6P,380V;Installed;SP8.BRS/P-B-10(M);3786;https://www.safesave.info/MIC.php?id=Fajar-MotorList3786;2023-10-21 12:19:21
EMO004141;FP-01-SP8-BRS-P104;;MARATHON,HJN1,280S-4,75KW,139A,4P,380V;Installed;SP8.BRS/P-WW-1(M);3787;https://www.safesave.info/MIC.php?id=Fajar-MotorList3787;2023-10-21 12:19:21
EMO004108;FP-01-SP8-BRS-P110;;MARATHON,HAA400-6,200KW,51A,6P,380V;Installed;SP8.BRS/P-B-13(M);3788;https://www.safesave.info/MIC.php?id=Fajar-MotorList3788;2023-10-21 12:19:21
EMO004109;FP-01-SP8-BRS-P111;;MARATHON,HJN1,315S-4,110KW,201A,4P,380V;Installed;SP8.BRS/P-B-14(M);3789;https://www.safesave.info/MIC.php?id=Fajar-MotorList3789;2023-10-21 12:19:21
EMO004107;FP-01-SP8-BRS-P120;;MARATHON,HJN1,200L-4,30KW,57.4A,4P,380V;Installed;SP8.BRS/P-B-12(M);3790;https://www.safesave.info/MIC.php?id=Fajar-MotorList3790;2023-10-21 12:19:21
EMO004106;FP-01-SP8-BRS-P130;;MARATHON,HJN1,225M-4,45KW,84.4A,380V,4P;Installed;SP8.BRS/P-B-11(M);3791;https://www.safesave.info/MIC.php?id=Fajar-MotorList3791;2023-10-21 12:19:21
EMO004342;FP-01-SP8-BRS-SR30;;MARATHON,HJN1,315S-8,55KW,113A,8P,380V (3989);Installed;SP8.BRS/M-B-8(M);3792;https://www.safesave.info/MIC.php?id=Fajar-MotorList3792;2023-10-21 12:19:21
EMO004275;FP-01-SP8-BRS-TH30-BL01;;SIEMENS,ILE1001OEA,022AB4,1.5KW,3.15A,400V,2P;Installed;SP8.BRS/J1PE20BM01V01-M03;3793;https://www.safesave.info/MIC.php?id=Fajar-MotorList3793;2023-10-21 12:19:21
EMO005052;FP-01-SP8-BRS-TH30-BL02;10010909;"AC MOTOR;380V,50Hz,1.5kW,2P,90L,B3";Installed;SP8.BRS/J1PE20BM01V01-M04;3794;https://www.safesave.info/MIC.php?id=Fajar-MotorList3794;2023-10-21 12:19:21
EMO004271;FP-01-SP8-BRS-TH30-DV01;;SISEMENS,K169LE,132MF4,7.5KW,25.6A,230VA,4P;Installed;SP8.BRS/J1PE20BM01V01-M01;3795;https://www.safesave.info/MIC.php?id=Fajar-MotorList3795;2023-10-21 12:19:21
EMO004110;FP-01-SP8-EFF-P300;;MARATHON,HJN1,315S-4,110KW,201A,4P,380V;Installed;SP8.EFF/P-SS-1(M);3796;https://www.safesave.info/MIC.php?id=Fajar-MotorList3796;2023-10-21 12:19:21
EMO004644;FP-01-SP8-EFF-P301;;"AC MOTOR;380V,50Hz,55kW,4P";Installed;SP8_EFF_PDP1_M;3797;https://www.safesave.info/MIC.php?id=Fajar-MotorList3797;2023-10-21 12:19:21
EMO004111;FP-01-SP8-EFF-P305;;MARATHON,HJN1,315S-4,110KW,201A,4P,380V;Installed;SP8.EFF/P-SS-2(M);3798;https://www.safesave.info/MIC.php?id=Fajar-MotorList3798;2023-10-21 12:19:21
EMO004112;FP-01-SP8-FWS-P310;;MARATHON,HJN1,225M-2,45KW,81.8A,4P,380V;Installed;SP8.FWS/P-FS-1(M);3799;https://www.safesave.info/MIC.php?id=Fajar-MotorList3799;2023-10-21 12:19:21
EMO004113;FP-01-SP8-FWS-P311;;MARATHON,HJN1,200L2-2,37KW,67.5A,380V,2P;Installed;SP8.FWS/P-FS-2(M);3800;https://www.safesave.info/MIC.php?id=Fajar-MotorList3800;2023-10-21 12:19:21
EMO004114;FP-01-SP8-FWS-P312;;MARATHON,HJN1,200L2-2,37KW,67.5A,380V,2P;Installed;SP8.FWS/P-FS-2-A(M);3801;https://www.safesave.info/MIC.php?id=Fajar-MotorList3801;2023-10-21 12:19:21
EMO004177;FP-01-SP8-OCC-A010;;MARATHON,HJN1,225M-6,30KW,39.2A,6P,380V;Installed;SP8.OCC/A-1(M);3802;https://www.safesave.info/MIC.php?id=Fajar-MotorList3802;2023-10-21 12:19:21
EMO003249;FP-01-SP8-OCC-A020;;MARATHON,HJN1,160L-6,7.5KW,17A,6P,380V;Installed;SP8.OCC/A-2(M);3803;https://www.safesave.info/MIC.php?id=Fajar-MotorList3803;2023-10-21 12:19:21
EMO004172;FP-01-SP8-OCC-A030;;MARATHON,HJN1,200L-6,22KW,45A,6P,380V;Installed;SP8.OCC/A-4-1(M);3804;https://www.safesave.info/MIC.php?id=Fajar-MotorList3804;2023-10-21 12:19:21
EMO004171;FP-01-SP8-OCC-A040;;MARATHON,HJN1,200L-6,22KW,45A,6P,380V;Installed;SP8.OCC/A-4(M);3805;https://www.safesave.info/MIC.php?id=Fajar-MotorList3805;2023-10-21 12:19:21
EMO004361;FP-01-SP8-OCC-AP10;;TECO,AEBCRA,300KW,310A,6P,3KV,630H;Installed;SP8.OCC/M-2(M);3806;https://www.safesave.info/MIC.php?id=Fajar-MotorList3806;2023-10-21 12:19:21
EMO004345;FP-01-SP8-OCC-CN10;;NORD,SK132M4,7.50KW,15.3A,4P,380V;Installed;SP8.OCC/M-1A(M);3807;https://www.safesave.info/MIC.php?id=Fajar-MotorList3807;2023-10-21 12:19:21
EMO004355;FP-01-SP8-OCC-CN11;;NORD,DK200L-4,30KW,57.6A,4P;Installed;SP8.OCC/M-1(M);3808;https://www.safesave.info/MIC.php?id=Fajar-MotorList3808;2023-10-21 12:19:21
EMO004632;FP-01-SP8-OCC-DP01-AP11;;ABB,M2,BAX,200MLB,22KW,46.7A,4P,380V;Installed;SP8_DP_AP11_M;3809;https://www.safesave.info/MIC.php?id=Fajar-MotorList3809;2023-10-21 12:19:21
EMO004633;FP-01-SP8-OCC-DP01-AP12;;ABB,M2,BAX,200MLB,22KW,46.7A,4P,380V;Installed;SP8_DP_AP12_M;3810;https://www.safesave.info/MIC.php?id=Fajar-MotorList3810;2023-10-21 12:19:21
EMO004630;FP-01-SP8-OCC-DP01-CN12;;TAIMEN,180L,22KW,43A,4P,380V;Installed;SP8_DP_CN12_M;3811;https://www.safesave.info/MIC.php?id=Fajar-MotorList3811;2023-10-21 12:19:21
EMO004631;FP-01-SP8-OCC-DP01-CN13;;TAIMEN,180L,22KW,43A,4P,380V;Installed;SP8_DP_CN13_M;3812;https://www.safesave.info/MIC.php?id=Fajar-MotorList3812;2023-10-21 12:19:21
EMO004634;FP-01-SP8-OCC-DP01-MD01;;NMI,400LA-BAS,900KW,205A,4P,3KV;Installed;SP8_DP_MD01_M;3813;https://www.safesave.info/MIC.php?id=Fajar-MotorList3813;2023-10-21 12:19:21
EMO004635;FP-01-SP8-OCC-DP01-MD02;;NMI,400LA-BAS,900KW,205A,4P,3KV;Installed;SP8_DP_MD02_M;3814;https://www.safesave.info/MIC.php?id=Fajar-MotorList3814;2023-10-21 12:19:21
EMO004636;FP-01-SP8-OCC-DP01-OU11;;BV,4A2-112,N4,B35,4KW,6.28A,4P,400V;Installed;SP8_DP_OU11_M;3815;https://www.safesave.info/MIC.php?id=Fajar-MotorList3815;2023-10-21 12:19:21
EMO004637;FP-01-SP8-OCC-DP01-OU12;;BV,4A2-112,N4,B35,4KW,6.28A,4P,400V;Installed;SP8_DP_OU12_M;3816;https://www.safesave.info/MIC.php?id=Fajar-MotorList3816;2023-10-21 12:19:21
EMO004638;FP-01-SP8-OCC-DP01-PP15;;ABB,M3,BP355,LKB81,315KW,611A,6P,IMB3-IMLOOL;Installed;SP8_DP_PP15_M;3817;https://www.safesave.info/MIC.php?id=Fajar-MotorList3817;2023-10-21 12:19:21
EMO004639;FP-01-SP8-OCC-DP01-PP16;;ABB,M3,BP355,LKB81,315KW,611A,6P,IMB3-IMLOOL;Installed;SP8_DP_PP16_M;3818;https://www.safesave.info/MIC.php?id=Fajar-MotorList3818;2023-10-21 12:19:21
EMO004449;FP-01-SP8-OCC-DRS1;;SEW,160M,11KW,23A,4P,380V;Installed;SP8.OCC/M-5A(M);3819;https://www.safesave.info/MIC.php?id=Fajar-MotorList3819;2023-10-21 12:19:21
EMO005019;FP-01-PM8-WRE-BTWR-DO08;;"AC MOTOR;380V,50Hz,0.37kW,6P";Installed;PM8.WR–2–2/M;3820;https://www.safesave.info/MIC.php?id=Fajar-MotorList3820;2023-10-21 12:19:21
EMO004450;FP-01-SP8-OCC-DRS2;;SEW,160M,11KW,23A,4P,380V;Installed;SP8.OCC/M-5B(M);3821;https://www.safesave.info/MIC.php?id=Fajar-MotorList3821;2023-10-21 12:19:21
EMO004606;FP-01-PM8-WRE-TPWR-DO03;10036587;"AC MOTOR;380V,50Hz,0.15kW,8P,80M,B5";Installed;PM8.W-DR-2–2/M;3822;https://www.safesave.info/MIC.php?id=Fajar-MotorList3822;2023-10-21 12:19:21
EMO004367;FP-01-SP8-OCC-FR10;;MARATHON,HJN1,355M1-8,132KW,264A,8P,380V;Installed;SP8.OCC/M-10A/M;3823;https://www.safesave.info/MIC.php?id=Fajar-MotorList3823;2023-10-21 12:19:21
EMO004368;FP-01-SP8-OCC-FR11;;MARATHON,HJN1,355M1-8,132KW,264A,8P,380V;Installed;SP8.OCC/M-10B(M);3824;https://www.safesave.info/MIC.php?id=Fajar-MotorList3824;2023-10-21 12:19:21
EMO004369;FP-01-SP8-OCC-FR12;;MARATHON,HJN1,355M1-8,132KW,264A,8P,380V;Installed;SP8.OCC/M-11A(M);3825;https://www.safesave.info/MIC.php?id=Fajar-MotorList3825;2023-10-21 12:19:21
EMO004370;FP-01-SP8-OCC-FR13;;MARATHON,HJN1,355M1-8,132KW,264A,8P,380V;Installed;SP8.OCC/M-11B(M);3826;https://www.safesave.info/MIC.php?id=Fajar-MotorList3826;2023-10-21 12:19:21
EMO004362;FP-01-SP8-OCC-OU10;;MITSUBISHI,SF-PRO132M6,5.5KW,12.2A,6P,380V;Installed;SP8.OCC/M-2/OU;3827;https://www.safesave.info/MIC.php?id=Fajar-MotorList3827;2023-10-21 12:19:21
EMO004062;FP-01-SP8-OCC-P010;;MARATHON,HAA450-6,355KW,88.4A,3KV,6P;Installed;SP8.OCC/P-3(M);3828;https://www.safesave.info/MIC.php?id=Fajar-MotorList3828;2023-10-21 12:19:21
EMO004064;FP-01-SP8-OCC-P020;;MARATHON,HAA400-6,315KW,79.6A,3KV,6P;Installed;SP8.OCC/P-5(M);3829;https://www.safesave.info/MIC.php?id=Fajar-MotorList3829;2023-10-21 12:19:21
EMO004086;FP-01-SP8-OCC-P030;;MARATHON,HJN1,280S-4,75KW,139A,4P,380V;Installed;SP8.OCC/P-17(M);3830;https://www.safesave.info/MIC.php?id=Fajar-MotorList3830;2023-10-21 12:19:21
EMO004087;FP-01-SP8-OCC-P040;;MARATHON,HJN1,280S-4,75KW,139A,4P,380V;Installed;SP8.OCC/P-18(M);3831;https://www.safesave.info/MIC.php?id=Fajar-MotorList3831;2023-10-21 12:19:21
EMO004082;FP-01-SP8-OCC-P080;;MARATHON,HK315M-4,132KW,244A,280V,4P;Installed;SP8.OCC/M-29(M);3832;https://www.safesave.info/MIC.php?id=Fajar-MotorList3832;2023-10-21 12:19:21
EMO004084;FP-01-SP8-OCC-P090;;MARATHON,HK315M-4,132KW,244A,280V,4P;Installed;SP8.OCC/M-30(M);3833;https://www.safesave.info/MIC.php?id=Fajar-MotorList3833;2023-10-21 12:19:21
EMO003972;FP-01-SP8-OCC-PAL1;;MARATHON,HJN1,355M1,160KW,29.1A,6P,380V;Installed;SP8.OCC/M-6A(M);3834;https://www.safesave.info/MIC.php?id=Fajar-MotorList3834;2023-10-21 12:19:21
EMO004487;FP-01-SP8-OCC-PAL1-SW01;;SEW,BRE160MJ1,11KW,23A,4P,380V;Installed;SP8.OCC/M-6A;3835;https://www.safesave.info/MIC.php?id=Fajar-MotorList3835;2023-10-21 12:19:21
EMO003973;FP-01-SP8-OCC-PAL2;;MARATHON,HJN1,355M1,160KW,29.1A,6P,380V;Installed;SP8.OCC/M-6B(M);3836;https://www.safesave.info/MIC.php?id=Fajar-MotorList3836;2023-10-21 12:19:21
EMO004488;FP-01-SP8-OCC-PAL2-SW01;;SEW,BRE160MJA,11KW,23A,4P,380V;Installed;SP8.OCC/M-6B;3837;https://www.safesave.info/MIC.php?id=Fajar-MotorList3837;2023-10-21 12:19:21
EMO004060;FP-01-SP8-OCC-PP10;;MARATHON,HJN1,315L-4,160KW,4P,288A,380V;Installed;SP8.OCC/P-1A(M);3838;https://www.safesave.info/MIC.php?id=Fajar-MotorList3838;2023-10-21 12:19:21
EMO004341;FP-01-SP8-OCC-PP11;;MARATHON,HJN1,315L-4,160KW,4P,288A,380V;Installed;SP8.OCC/P-1B(M);3839;https://www.safesave.info/MIC.php?id=Fajar-MotorList3839;2023-10-21 12:19:21
EMO003138;FP-01-SP8-OCC-PP12;;TECO,AEEBKB,EH-315SB,132KW,242A,4P;Installed;SP8.OCC/M-31A(M);3840;https://www.safesave.info/MIC.php?id=Fajar-MotorList3840;2023-10-21 12:19:21
EMO003084;FP-01-SP8-OCC-PP13;10011053;"AC MOTOR;380V,50Hz,132kW,4P,315S,B3";Installed;SP8.OCC/M-31B(M);3841;https://www.safesave.info/MIC.php?id=Fajar-MotorList3841;2023-10-21 12:19:21
EMO001576;FP-01-SP8-OCC-PP14;;MARATHON,HJN1,250M-4,55KW,103A,4P,380V;Installed;SP8.OCC/P-4(M);3842;https://www.safesave.info/MIC.php?id=Fajar-MotorList3842;2023-10-21 12:19:21
EMO004363;FP-01-SP8-OCC-RAGG;;SEW,DRS112M4,DESHFTH,4KW,8.4A,4P,380V;Installed;SP8.OCC/M-3(M);3843;https://www.safesave.info/MIC.php?id=Fajar-MotorList3843;2023-10-21 12:19:21
EMO004364;FP-01-SP8-OCC-ROPE;;HITACHI,TFOA,LKK4P,11KW,23A,4P,380V;Installed;SP8.OCC/M-4(M);3844;https://www.safesave.info/MIC.php?id=Fajar-MotorList3844;2023-10-21 12:19:21
EMO004357;FP-01-SP8-OCC-SR10;;MARATHON,HJN1,75KW,154A,315M8,8P,380V;Installed;SP8.OCC/M-12(M);3845;https://www.safesave.info/MIC.php?id=Fajar-MotorList3845;2023-10-21 12:19:21
EMO004358;FP-01-SP8-OCC-SR11;;MARATHON,HJN1,315M-6,90KW,169A,6P,380V;Installed;SP8.OCC/M-13(M);3846;https://www.safesave.info/MIC.php?id=Fajar-MotorList3846;2023-10-21 12:19:21
EMO004359;FP-01-SP8-OCC-SR12;;MARATHON,HJN1,315S-4,110KW,201A,4P,380V;Installed;SP8.OCC/M-14A(M);3847;https://www.safesave.info/MIC.php?id=Fajar-MotorList3847;2023-10-21 12:19:21
EMO004360;FP-01-SP8-OCC-SR13;;MARATHON,HJN1,315S-4,110KW,201A,4P,380V;Installed;SP8.OCC/M-14B(M);3848;https://www.safesave.info/MIC.php?id=Fajar-MotorList3848;2023-10-21 12:19:21
EMO004371;FP-01-SP8-OCC-SR20;;MARATHON,HJN1,355,M2-8,160KW,319A,8P,380V;Installed;SP8.OCC/M-22A(M);3849;https://www.safesave.info/MIC.php?id=Fajar-MotorList3849;2023-10-21 12:19:21
EMO004372;FP-01-SP8-OCC-SR21;;MARATHON,HJN1,355,M2-8,160KW,319A,8P,380V;Installed;SP8.OCC/M-22B(M);3850;https://www.safesave.info/MIC.php?id=Fajar-MotorList3850;2023-10-21 12:19:21
EMO004373;FP-01-SP8-OCC-SR22;;MARATHON,HJN1,355,M2-8,160KW,319A,8P,380V;Installed;SP8.OCC/M-23A(M);3851;https://www.safesave.info/MIC.php?id=Fajar-MotorList3851;2023-10-21 12:19:21
EMO004374;FP-01-SP8-OCC-SR23;;MARATHON,HJN1,355,M2-8,160KW,319A,8P,380V;Installed;SP8.OCC/M-23B(M);3852;https://www.safesave.info/MIC.php?id=Fajar-MotorList3852;2023-10-21 12:19:21
EMO004375;FP-01-SP8-OCC-SR24;;MARATHON,HJN1,315M8,75KW,154A,8P,380V;Installed;SP8.OCC/M-24A(M);3853;https://www.safesave.info/MIC.php?id=Fajar-MotorList3853;2023-10-21 12:19:21
EMO004376;FP-01-SP8-OCC-SR25;;MARATHON,HJN1,315M8,75KW,154A,8P,380V;Installed;SP8.OCC/M-25A(M);3854;https://www.safesave.info/MIC.php?id=Fajar-MotorList3854;2023-10-21 12:19:21
EMO004277;FP-01-SP8-OCC-TH10-DV01;;SEW,DRE132M/4,5.5KW,11.10A,4P,380V;Installed;TH10.DV01/E1NB01BM01V01-M01;3855;https://www.safesave.info/MIC.php?id=Fajar-MotorList3855;2023-10-21 12:19:21
EMO004278;FP-01-SP8-OCC-TH10-SCC1;;"ASEA; 160M; 11KW; 22A; 4P; 380V";Installed;TH10.SCC1/E1NB01BM01V01-M02;3856;https://www.safesave.info/MIC.php?id=Fajar-MotorList3856;2023-10-21 12:19:21
EMO004129;FP-01-SP8-OCC-TH10-SW01;;SEW,DRE112M6BESHF,1.5A,3.7KW,4P,380V;Installed;TH10.SW01/E1NB01BM01V01-M03(M);3857;https://www.safesave.info/MIC.php?id=Fajar-MotorList3857;2023-10-21 12:19:21
EMO004279;FP-01-SP8-OCC-TH11-DV01;;SEW,DRE132MC4,7.5KW,15.60A,4P,380V;Installed;TH11.DV01/E1NB02BM01V01-M01;3858;https://www.safesave.info/MIC.php?id=Fajar-MotorList3858;2023-10-21 12:19:21
EMO004280;FP-01-SP8-OCC-TH11-SCC1;;"ABB; 160S; 12.5KW; 4P; 380V";Installed;TH11.SCC1/E1NB02BM01V01-M02;3859;https://www.safesave.info/MIC.php?id=Fajar-MotorList3859;2023-10-21 12:19:21
EMO004130;FP-01-SP8-OCC-TH11-SW01;;SEW,DRE112M6BESHF,1.5A,3.7KW,4P,380V;Installed;TH11.SW01/E1NB02BM01V01-M03;3860;https://www.safesave.info/MIC.php?id=Fajar-MotorList3860;2023-10-21 12:19:21
EMO004484;FP-01-SP8-RJS-CL40;;"SEW; 90L4; 2.2KW; 4.95A; 4P;380V";Installed;SP8.RJS/M-R-1(M);3861;https://www.safesave.info/MIC.php?id=Fajar-MotorList3861;2023-10-21 12:19:21
EMO004095;FP-01-SP8-RJS-P140;;MARATHON,HJN1,132-S4,515KW,11.6A,4P,380V;Installed;SP8.RJS/P-R-1/PJ10 DCS(M);3862;https://www.safesave.info/MIC.php?id=Fajar-MotorList3862;2023-10-21 12:19:21
EMO004148;FP-01-SP8-RJS-P150;;MARATHON,HJN1,180M-4,18.5KW,35.8A,4P,380V;Installed;SP8.RJS/P-R-2(P-30)/PJ20DCS(M);3863;https://www.safesave.info/MIC.php?id=Fajar-MotorList3863;2023-10-21 12:19:21
EMO004343;FP-01-SP8-RJS-SR40;;SUMITOMO,TC-EFX,V132S,5.5KW,11.4A,4P,380V;Installed;SP8.RJS/M-R-2(M);3864;https://www.safesave.info/MIC.php?id=Fajar-MotorList3864;2023-10-21 12:19:21
EMO004344;FP-01-SP8-RJS-TH40;;MARATHON,LVP280S-4,75KW,141A,4P,380V;Installed;SP8.RJS/M-R-3(M);3865;https://www.safesave.info/MIC.php?id=Fajar-MotorList3865;2023-10-21 12:19:21
EMO004076;FP-01-SP8-WWS-P320;;MARATHON,HJN1,315S-4,110KW,201A,4P,380V;Installed;SP8.WWS/P-W-2(M);3866;https://www.safesave.info/MIC.php?id=Fajar-MotorList3866;2023-10-21 12:19:21
EMO004640;FP-01-SP8-WWS-P321;10027147;MOTORAC,HXUR,STROMBERG,90KW,173A,4P380V;Installed;SP8.WWS/P-W-3(M);3867;https://www.safesave.info/MIC.php?id=Fajar-MotorList3867;2023-10-21 12:19:21
EMO004066;FP-01-SP8-WWS-P322;;MARATHON,HAA450-6,355KW,88.4A,3000V,991RPM;Installed;SP8.WWS/P7A(M);3868;https://www.safesave.info/MIC.php?id=Fajar-MotorList3868;2023-10-21 12:19:21
EMO004067;FP-01-SP8-WWS-P323;;MARATHON,HAA450-6,355KW,88.4A,3000V,991RPM;Installed;SP8.WWS/P7B(M);3869;https://www.safesave.info/MIC.php?id=Fajar-MotorList3869;2023-10-21 12:19:21
EMO004081;FP-01-SP8-WWS-P324;;MARATHON,HJN1,555M,160KW,291A,4P,380V, 990RPM;Installed;SP8.WWS/P-W-6/P330 DCS;3870;https://www.safesave.info/MIC.php?id=Fajar-MotorList3870;2023-10-21 12:19:21
EMO004065;FP-01-SP8-WWS-P331;;MARATHON,HJN1,315L-6,110KW,206A,985RPM,380V;Installed;SP8.WWS/P6(M);3871;https://www.safesave.info/MIC.php?id=Fajar-MotorList3871;2023-10-21 12:19:21
EMO004068;FP-01-SP8-WWS-P332;;MARATHON,HAA355-4,250KW,61.2A,4P,3000V;Installed;SP8.WWS/P8(M);3872;https://www.safesave.info/MIC.php?id=Fajar-MotorList3872;2023-10-21 12:19:21
EMO004069;FP-01-SP8-WWS-P333;;MARATHON,HJN1,280M-4,90KW,167A,4P,380V;Installed;SP8.WWS/P9(M);3873;https://www.safesave.info/MIC.php?id=Fajar-MotorList3873;2023-10-21 12:19:21
EMO004070;FP-01-SP8-WWS-P334;;MARATHON,HJN1-4,30KW,57.4A,4P,380V;Installed;SP8.WWS/P10(M);3874;https://www.safesave.info/MIC.php?id=Fajar-MotorList3874;2023-10-21 12:19:21
EMO004071;FP-01-SP8-WWS-P335;;MARATHON,HJN1,180M-4,18.5KW,35.8A,4P,380V;Installed;SP8.WWS/P11(M);3875;https://www.safesave.info/MIC.php?id=Fajar-MotorList3875;2023-10-21 12:19:21
EMO004072;FP-01-SP8-WWS-P336;;MARATHON,HJN1,280S-4,75KW,139A,4P,380V;Installed;SP8.WWS/P12(M);3876;https://www.safesave.info/MIC.php?id=Fajar-MotorList3876;2023-10-21 12:19:21
EMO004073;FP-01-SP8-WWS-P337;;MARATHON,HJN1,225S-4,37KW,68.7A,4P,380V;Installed;SP8.WWS/P13(M);3877;https://www.safesave.info/MIC.php?id=Fajar-MotorList3877;2023-10-21 12:19:21
EMO004074;FP-01-SP8-WWS-P338;;MARATHON,HJN1,280S-4,75KW,159A,4P,380V;Installed;SP8.WWS/P14(M);3878;https://www.safesave.info/MIC.php?id=Fajar-MotorList3878;2023-10-21 12:19:21
EMO004078;FP-01-SP8-WWS-P340;;MARATHON,HAA400-6,200KW,51A,6P,3000V,990RPM;Installed;SP8.WWS/P-W-4(M);3879;https://www.safesave.info/MIC.php?id=Fajar-MotorList3879;2023-10-21 12:19:21
EMO004154;FP-01-SP8-WWS-P341;;MARATHON,HAA450-6,355KW,88.4A,3000V,991RPM;Installed;SP8_WWS_P341_M;3880;https://www.safesave.info/MIC.php?id=Fajar-MotorList3880;2023-10-21 12:19:21
EMO004075;FP-01-SP8-WWS-P350;;MARATHON,HJN1,250M-2,55KW,99.6A,2P,380V;Installed;SP8.WWS/P-W-1(M);3881;https://www.safesave.info/MIC.php?id=Fajar-MotorList3881;2023-10-21 12:19:21
EMO004079;FP-01-SP8-WWS-P351;;MARATHON,HAA355-2,200KW,54.2A,3KV,2P;Installed;SP8.WWS/P-W-5-1(M);3882;https://www.safesave.info/MIC.php?id=Fajar-MotorList3882;2023-10-21 12:19:21
EMO004080;FP-01-SP8-WWS-P352;;MARATHON,HAA355-2,200KW,54.2A,3KV,2P;Installed;SP8.WWS/P-W-5-2(M);3883;https://www.safesave.info/MIC.php?id=Fajar-MotorList3883;2023-10-21 12:19:21
EMO003976;FP-01-PM8-FWS-P512;;"AC MOTOR;380V,50Hz,0.75kW,4P";Installed;PM8.FWS/P512/M;3884;https://www.safesave.info/MIC.php?id=Fajar-MotorList3884;2023-10-21 12:19:21
EMO003974;FP-01-PM8-FWS-P510;;"AC MOTOR;380V,50Hz,1.5kW,4P";Installed;PM8.FWS/P510/E;3885;https://www.safesave.info/MIC.php?id=Fajar-MotorList3885;2023-10-21 12:19:21
EMO003975;FP-01-PM8-FWS-P511;;"AC MOTOR;380V,50Hz,0.75kW,4P";Installed;PM8.FWS/P511/E;3886;https://www.safesave.info/MIC.php?id=Fajar-MotorList3886;2023-10-21 12:19:21
EMO004519;FP-01-PM8-CUT-RWD1-MD34;10008590;GEAR MOTOR,BENZLER,7,25:1,11KW,1450/200;Installed;PM8.PRS/WI-RR-1-DS/M;3887;https://www.safesave.info/MIC.php?id=Fajar-MotorList3887;2023-10-21 12:19:21
EMO004557;FP-01-PM8-CUT-RWD1-MD35;;MOTOR,AC,M2AA 160M,11KW,4P,380V;Installed;PM8.PRS/WI-RR-2-TS/M;3888;https://www.safesave.info/MIC.php?id=Fajar-MotorList3888;2023-10-21 12:19:21
EMO004558;FP-01-PM8-CUT-RWD1-MD36;;MOTOR,AC,M2AA 160M,15KW,2P,380V;Installed;PM8.CUT/WI–ER–1/M;3889;https://www.safesave.info/MIC.php?id=Fajar-MotorList3889;2023-10-21 12:19:21
EMO004906;FP-01-PM8-DRY-SZPR-SHCR;10022654;"AC MOTOR;380V,50Hz,22kW,4P,180M,B3";Installed;PM8.SZPR-SHCR/E;3890;https://www.safesave.info/MIC.php?id=Fajar-MotorList3890;2023-10-21 12:19:21
EMO004410;FP-01-PM8-HYD-T970-P976;;"AC MOTOR;380V,50Hz,1.5kW,4P,3.5A";Installed;PM8.HYD/GEAR.LUB2.CALENDER/M;3891;https://www.safesave.info/MIC.php?id=Fajar-MotorList3891;2023-10-21 12:19:21
EMO004381;FP-01-PM8-HYD-T920-P920;;"AC MOTOR;380V,50Hz,22kW,4P,43A";Installed;PM8.HYD.P920/M;3893;https://www.safesave.info/MIC.php?id=Fajar-MotorList3893;2023-10-21 12:19:21
EMO005123;FP-01-SP8-OCC-DP01-PP15;;"AC MOTOR;380V,50Hz,3kW,4P,100L,B5";Installed;SP8_DP_PP15/FAN/M;3894;https://www.safesave.info/MIC.php?id=Fajar-MotorList3894;2023-10-21 12:19:21
EMO005124;FP-01-SP8-OCC-DP01-PP16;;"AC MOTOR;380V,50Hz,3kW,4P,100L,B5";Installed;SP8_DP_PP16/FAN/M;3895;https://www.safesave.info/MIC.php?id=Fajar-MotorList3895;2023-10-21 12:19:21
MGM000941;FP-01-PM8-DRY-TAIL-THR1;;"GR.MOTOR;2.2KW,5.2A,4P,380V";Installed;PM8.DRY/THR1/GM;3896;https://www.safesave.info/MIC.php?id=Fajar-MotorList3896;2023-10-21 12:19:21
MGM000419;FP-01-SP8-OCC-DP01-CN14;10008590;GEAR MOTOR,BENZLER,7,25:1,11KW,1450/200;Installed;PM8.RHD.M2007/CN14/GM;3897;https://www.safesave.info/MIC.php?id=Fajar-MotorList3897;2023-10-21 12:19:21
MGM000954;FP-01-SP8-OCC-DP01-CN15;10034854;"GR.MOTOR;22kW,i=57.63,D169-LES180ZLJ4E";Installed;SP8_DP_CN15/GM;3898;https://www.safesave.info/MIC.php?id=Fajar-MotorList3898;2023-10-21 12:19:21
EMO005003;FP-01-SP8-OCC-DP01-LRC1;10035729;"AC MOTOR;380V,50Hz,55kW,4P,250M,B3";Installed;SP8.LRC1/COMPACTOR1/M;3899;https://www.safesave.info/MIC.php?id=Fajar-MotorList3899;2023-10-21 12:19:21
EMO005004;FP-01-SP8-OCC-DP01-LRC2;10035729;"AC MOTOR;380V,50Hz,55kW,4P,250M,B3";Installed;SP8.LRC2/COMPACTOR2/M;3900;https://www.safesave.info/MIC.php?id=Fajar-MotorList3900;2023-10-21 12:19:21
EMO005120;FP-01-PM8-VAS-VP50-OU05;;"AC MOTOR;380V,50Hz,1.1kW,4P,90M,B3";Installed;PM8.VAS/P-VP-05/OU-GB/M;3901;https://www.safesave.info/MIC.php?id=Fajar-MotorList3901;2023-10-21 12:19:21
EMO005119;FP-01-PM8-VAS-VP40-OU04;;"AC MOTOR;380V,50Hz,1.1kW,4P,90M,B3";Installed;PM8.VAS/P-VP-04/OU-GB/M;3902;https://www.safesave.info/MIC.php?id=Fajar-MotorList3902;2023-10-21 12:19:21
EMO005118;FP-01-PM8-VAS-VP30-OU03;;"AC MOTOR;380V,50Hz,1.1kW,4P,90M,B3";Installed;PM8.VAS/P-VP-03/OU-GB/M;3903;https://www.safesave.info/MIC.php?id=Fajar-MotorList3903;2023-10-21 12:19:21
EMO005117;FP-01-PM8-VAS-VP10-OU01;;"AC MOTOR;380V,50Hz,1.1kW,4P,90M,B3";Installed;PM8.VAS/P-VP-01/OU-GB/M;3904;https://www.safesave.info/MIC.php?id=Fajar-MotorList3904;2023-10-21 12:19:21
EMO005121;FP-01-PM8-VAS-VP90-OU09;;"AC MOTOR;380V,50Hz,1.1kW,4P,90M,B3";Installed;PM8.VAS/P-VP-09/OU-GB/M;3905;https://www.safesave.info/MIC.php?id=Fajar-MotorList3905;2023-10-21 12:19:21
EMO004618;FP-01-PM8-WRE-BTWR-DO09;10028991;"AC MOTOR;380V,50Hz,0.37kW,6P,80M,B5";Installed;PM8.WR–3–4/M;3906;https://www.safesave.info/MIC.php?id=Fajar-MotorList3906;2023-10-21 12:19:21
EMO004608;FP-01-PM8-WRE-TPWR-DO05;10028991;"AC MOTOR;380V,50Hz,0.37kW,6P,80M,B5";Installed;PM8.WR–5–2/M;3907;https://www.safesave.info/MIC.php?id=Fajar-MotorList3907;2023-10-21 12:19:21
EMO004607;FP-01-PM8-WRE-TPWR-DO04;10028991;"AC MOTOR;380V,50Hz,0.37kW,6P,80M,B5";Installed;PM8.WR–4–2/M;3908;https://www.safesave.info/MIC.php?id=Fajar-MotorList3908;2023-10-21 12:19:21
EMO004609;FP-01-PM8-WRE-TPWR-DO06;10028991;"AC MOTOR;380V,50Hz,0.37kW,6P,80M,B5";Installed;PM8.WR–6–2/M;3909;https://www.safesave.info/MIC.php?id=Fajar-MotorList3909;2023-10-21 12:19:21
EMO005113;FP-01-PM8-PRS-PRS1-SM02;10037092;"AC MOTOR;380V,50Hz,3kW,4P,100L,B5";Installed;PM8.P1-FR-5/STRECHER/M;3910;https://www.safesave.info/MIC.php?id=Fajar-MotorList3910;2023-10-21 12:19:21
EMO005114;FP-01-PM8-PRS-PRS1-SM03;10037092;"AC MOTOR;380V,50Hz,3kW,4P,100L,B5";Installed;PM8.P1-FR-10/STRECHER/M;3911;https://www.safesave.info/MIC.php?id=Fajar-MotorList3911;2023-10-21 12:19:21
MGM000900;FP-01-PM8-RHD-INJP;;"GR.MOTOR;0.75kW,4P,SK 372.1-80L/4 BRE10";Installed;PM8.RHD.INJP/GM;3912;https://www.safesave.info/MIC.php?id=Fajar-MotorList3912;2023-10-21 12:19:21
MGM000820;FP-01-PM8-DRY-GRP1-DO01;10033801;"GR.MOTOR;0.37kW,i=252,ZCDG65-252,ABB";Installed;PM8.GRP1/DO.01/GM;3913;https://www.safesave.info/MIC.php?id=Fajar-MotorList3913;2023-10-21 12:19:21
MGM000821;FP-01-PM8-DRY-GRP1-DO02;10033800;"GR.MOTOR;0.75kW,i=200,TCH750-200S,YUELI";Installed;PM8.GRP1/DO.02/GM;3914;https://www.safesave.info/MIC.php?id=Fajar-MotorList3914;2023-10-21 12:19:21
MGM000822;FP-01-PM8-DRY-GRP1-DO03;;"GR.MOTOR;0.75kW,2.13A,4P,i=1/200";Installed;PM8.GRP1/DO.03/GM;3915;https://www.safesave.info/MIC.php?id=Fajar-MotorList3915;2023-10-21 12:19:21
MGM000823;FP-01-PM8-DRY-GRP1-DO04;;"GR.MOTOR;0.75kW,2.13A,4P,i=1/200";Installed;PM8.GRP1/DO.04/GM;3916;https://www.safesave.info/MIC.php?id=Fajar-MotorList3916;2023-10-21 12:19:21
MGM000824;FP-01-PM8-DRY-GRP2-DO05;;"GR.MOTOR;0.75kW,2.13A,4P,i=1/200";Installed;PM8.GRP2/DO.05/GM;3917;https://www.safesave.info/MIC.php?id=Fajar-MotorList3917;2023-10-21 12:19:21
MGM000825;FP-01-PM8-DRY-GRP2-DO06;;"GR.MOTOR;0.75kW,2.13A,4P,i=1/200";Installed;PM8.GRP2/DO.06/GM;3918;https://www.safesave.info/MIC.php?id=Fajar-MotorList3918;2023-10-21 12:19:21
MGM000826;FP-01-PM8-DRY-GRP2-DO07;;"GR.MOTOR;0.75kW,2.13A,4P,i=1/200";Installed;PM8.GRP2/DO.07/GM;3919;https://www.safesave.info/MIC.php?id=Fajar-MotorList3919;2023-10-21 12:19:21
MGM000827;FP-01-PM8-DRY-GRP2-DO08;;"GR.MOTOR;0.75kW,2.13A,4P,i=1/200";Installed;PM8.GRP2/DO.08/GM;3920;https://www.safesave.info/MIC.php?id=Fajar-MotorList3920;2023-10-21 12:19:21
MGM000828;FP-01-PM8-DRY-GRP3-DO09;;"GR.MOTOR;0.75kW,2.13A,4P,i=1/200";Installed;PM8.GRP3/DO.09/GM;3921;https://www.safesave.info/MIC.php?id=Fajar-MotorList3921;2023-10-21 12:19:21
MGM000829;FP-01-PM8-DRY-GRP3-DO10;;"GR.MOTOR;0.75kW,2.13A,4P,i=1/200";Installed;PM8.GRP3/DO.10/GM;3922;https://www.safesave.info/MIC.php?id=Fajar-MotorList3922;2023-10-21 12:19:21
MGM000830;FP-01-PM8-DRY-GRP3-DO11;;"GR.MOTOR;0.75kW,2.13A,4P,i=1/200";Installed;PM8.GRP3/DO.11/GM;3923;https://www.safesave.info/MIC.php?id=Fajar-MotorList3923;2023-10-21 12:19:21
MGM000831;FP-01-PM8-DRY-GRP3-DO12;;"GR.MOTOR;0.75kW,2.13A,4P,i=1/200";Installed;PM8.GRP3/DO.12/GM;3924;https://www.safesave.info/MIC.php?id=Fajar-MotorList3924;2023-10-21 12:19:21
MGM000832;FP-01-PM8-DRY-GRP3-DO13;;"GR.MOTOR;0.75kW,2.13A,4P,i=1/200";Installed;PM8.GRP3/DO.13/GM;3925;https://www.safesave.info/MIC.php?id=Fajar-MotorList3925;2023-10-21 12:19:21
MGM000833;FP-01-PM8-DRY-GRP4-DO14;;"GR.MOTOR;0.75kW,2.13A,4P,i=1/200";Installed;PM8.GRP4/DO.14/GM;3926;https://www.safesave.info/MIC.php?id=Fajar-MotorList3926;2023-10-21 12:19:21
MGM000834;FP-01-PM8-DRY-GRP4-DO15;;"GR.MOTOR;0.75kW,2.13A,4P,i=1/200";Installed;PM8.GRP4/DO.15/GM;3927;https://www.safesave.info/MIC.php?id=Fajar-MotorList3927;2023-10-21 12:19:21
MGM000835;FP-01-PM8-DRY-GRP4-DO16;;"GR.MOTOR;0.75kW,2.13A,4P,i=1/200";Installed;PM8.GRP4/DO.16/GM;3928;https://www.safesave.info/MIC.php?id=Fajar-MotorList3928;2023-10-21 12:19:21
MGM000836;FP-01-PM8-DRY-GRP4-DO17;;"GR.MOTOR;0.75kW,2.13A,4P,i=1/200";Installed;PM8.GRP4/DO.17/GM;3929;https://www.safesave.info/MIC.php?id=Fajar-MotorList3929;2023-10-21 12:19:21
MGM000837;FP-01-PM8-DRY-GRP4-DO18;;"GR.MOTOR;0.75kW,2.13A,4P,i=1/200";Installed;PM8.GRP4/DO.18/GM;3930;https://www.safesave.info/MIC.php?id=Fajar-MotorList3930;2023-10-21 12:19:21
MGM000838;FP-01-PM8-DRY-GRP4-DO19;;"GR.MOTOR;0.75kW,2.13A,4P,i=1/200";Installed;PM8.GRP4/DO.19/GM;3931;https://www.safesave.info/MIC.php?id=Fajar-MotorList3931;2023-10-21 12:19:21
MGM000839;FP-01-PM8-DRY-GRP5-DO20;;"GR.MOTOR;0.75kW,2.13A,4P,i=1/200";Installed;PM8.GRP5/DO.20;3932;https://www.safesave.info/MIC.php?id=Fajar-MotorList3932;2023-10-21 12:19:21
MGM000840;FP-01-PM8-DRY-GRP5-DO21;;"GR.MOTOR;0.75kW,2.13A,4P,i=1/200";Installed;PM8.GRP5/DO.21/GM;3933;https://www.safesave.info/MIC.php?id=Fajar-MotorList3933;2023-10-21 12:19:21
MGM000841;FP-01-PM8-DRY-GRP5-DO22;;"GR.MOTOR;0.75kW,2.13A,4P,i=1/200";Installed;PM8.GRP5/DO.22/GM;3934;https://www.safesave.info/MIC.php?id=Fajar-MotorList3934;2023-10-21 12:19:21
MGM000842;FP-01-PM8-DRY-GRP5-DO23;;"GR.MOTOR;0.75kW,2.13A,4P,i=1/200";Installed;PM8.GRP5/DO.23/GM;3935;https://www.safesave.info/MIC.php?id=Fajar-MotorList3935;2023-10-21 12:19:21
MGM000843;FP-01-PM8-DRY-GRP5-DO24;;"GR.MOTOR;0.75kW,2.13A,4P,i=1/200";Installed;PM8.GRP5/DO.24/GM;3936;https://www.safesave.info/MIC.php?id=Fajar-MotorList3936;2023-10-21 12:19:21
MGM000844;FP-01-PM8-DRY-GRP5-DO25;;"GR.MOTOR;0.75kW,2.13A,4P,i=1/200";Installed;PM8.GRP5/DO.25/GM;3937;https://www.safesave.info/MIC.php?id=Fajar-MotorList3937;2023-10-21 12:19:21
MGM000845;FP-01-PM8-DRY-GRP6-DO26;;"GR.MOTOR;0.75kW,2.13A,4P,i=1/200";Installed;PM8.GRP6/DO.26/GM;3938;https://www.safesave.info/MIC.php?id=Fajar-MotorList3938;2023-10-21 12:19:21
MGM000846;FP-01-PM8-DRY-GRP6-DO27;;"GR.MOTOR;0.75kW,2.13A,4P,i=1/200";Installed;PM8.GRP6/DO.27/GM;3939;https://www.safesave.info/MIC.php?id=Fajar-MotorList3939;2023-10-21 12:19:21
MGM000847;FP-01-PM8-DRY-GRP6-DO28;;"GR.MOTOR;0.75kW,2.13A,4P,i=1/200";Installed;PM8.GRP6/DO.28/GM;3940;https://www.safesave.info/MIC.php?id=Fajar-MotorList3940;2023-10-21 12:19:21
MGM000848;FP-01-PM8-DRY-GRP6-DO29;;"GR.MOTOR;0.75kW,2.13A,4P,i=1/200";Installed;PM8.GRP6/DO.29/GM;3941;https://www.safesave.info/MIC.php?id=Fajar-MotorList3941;2023-10-21 12:19:21
MGM000849;FP-01-PM8-DRY-GRP6-DO30;;"GR.MOTOR;0.75kW,2.13A,4P,i=1/200";Installed;PM8.GRP6/DO.30/GM;3942;https://www.safesave.info/MIC.php?id=Fajar-MotorList3942;2023-10-21 12:19:21
MGM000922;FP-01-PM8-DRY-GRP6-DO31;10033801;"GR.MOTOR;0.37kW,i=252,ZCDG65-252";Installed;PM8.GRP6/DO.31/GM;3943;https://www.safesave.info/MIC.php?id=Fajar-MotorList3943;2023-10-21 12:19:21
MGM000851;FP-01-PM8-DRY-GRP7-DO32;;"GR.MOTOR;0.75kW,2.13A,4P,i=1/200";Installed;PM8.GRP7/DO.32/GM;3944;https://www.safesave.info/MIC.php?id=Fajar-MotorList3944;2023-10-21 12:19:21
MGM000852;FP-01-PM8-DRY-GRP7-DO33;;"GR.MOTOR;0.75kW,2.13A,4P,i=1/200";Installed;PM8.GRP7/DO.33/GM;3945;https://www.safesave.info/MIC.php?id=Fajar-MotorList3945;2023-10-21 12:19:21
MGM000853;FP-01-PM8-DRY-GRP7-DO34;;"GR.MOTOR;0.75kW,2.13A,4P,i=1/200";Installed;PM8.GRP7/DO.34/GM;3946;https://www.safesave.info/MIC.php?id=Fajar-MotorList3946;2023-10-21 12:19:21
MGM000854;FP-01-PM8-DRY-GRP7-DO35;;"GR.MOTOR;0.75kW,2.13A,4P,i=1/200";Installed;PM8.GRP7/DO.35/GM;3947;https://www.safesave.info/MIC.php?id=Fajar-MotorList3947;2023-10-21 12:19:21
MGM000855;FP-01-PM8-DRY-GRP7-DO36;;"GR.MOTOR;0.75kW,2.13A,4P,i=1/200";Installed;PM8.GRP7/DO.36/GM;3948;https://www.safesave.info/MIC.php?id=Fajar-MotorList3948;2023-10-21 12:19:21
MGM000856;FP-01-PM8-DRY-GRP8-DO37;;"GR.MOTOR;0.75kW,2.13A,4P,i=1/200";Installed;PM8.GRP8/DO.37/GM;3949;https://www.safesave.info/MIC.php?id=Fajar-MotorList3949;2023-10-21 12:19:21
MGM000857;FP-01-PM8-DRY-GRP8-DO38;;"GR.MOTOR;0.75kW,2.13A,4P,i=1/200";Installed;PM8.GRP8/DO.38/GM;3950;https://www.safesave.info/MIC.php?id=Fajar-MotorList3950;2023-10-21 12:19:21
MGM000858;FP-01-PM8-DRY-GRP8-DO39;;"GR.MOTOR;0.75kW,2.13A,4P,i=1/200";Installed;PM8.GRP8/DO.39/GM;3951;https://www.safesave.info/MIC.php?id=Fajar-MotorList3951;2023-10-21 12:19:21
MGM000859;FP-01-PM8-DRY-GRP8-DO40;;"GR.MOTOR;0.75kW,2.13A,4P,i=1/200";Installed;PM8.GRP8/DO.40/GM;3952;https://www.safesave.info/MIC.php?id=Fajar-MotorList3952;2023-10-21 12:19:21
MGM000860;FP-01-PM8-DRY-GRP8-DO41;;"GR.MOTOR;0.75kW,2.13A,4P,i=1/200";Installed;PM8.GRP8/DO.41/GM;3953;https://www.safesave.info/MIC.php?id=Fajar-MotorList3953;2023-10-21 12:19:21
MGM000861;FP-01-PM8-DRY-GRP8-DO42;10033800;"GR.MOTOR;0.75kW,i=200,TCH750-200S,YUELI";Installed;PM8.GRP8/DO.42/GM;3954;https://www.safesave.info/MIC.php?id=Fajar-MotorList3954;2023-10-21 12:19:21
MGM000862;FP-01-PM8-DRY-GRP8-DO43;;"GR.MOTOR;0.75kW,2.13A,4P,i=1/200";Installed;PM8.GRP8/DO.43/GM;3955;https://www.safesave.info/MIC.php?id=Fajar-MotorList3955;2023-10-21 12:19:21
MGM000863;FP-01-PM8-DRY-GRP8-DO44;;"GR.MOTOR;0.75kW,2.13A,4P,i=1/200";Installed;PM8.GRP8/DO.44/GM;3956;https://www.safesave.info/MIC.php?id=Fajar-MotorList3956;2023-10-21 12:19:21
MGM000864;FP-01-PM8-DRY-GRP8-DO45;10033800;"GR.MOTOR;0.75kW,i=200,TCH750-200S,YUELI";Installed;PM8.GRP8/DO.45/GM;3957;https://www.safesave.info/MIC.php?id=Fajar-MotorList3957;2023-10-21 12:19:21
MGM000865;FP-01-PM8-DRY-GRP8-DO46;;"GR.MOTOR;0.75kW,2.13A,4P,i=1/200";Installed;PM8.GRP8/DO.46/GM;3958;https://www.safesave.info/MIC.php?id=Fajar-MotorList3958;2023-10-21 12:19:21
MGM000850;FP-01-PM8-DRY-GRP8-DO47;10033801;"GR.MOTOR;0.37kW,i=252,ZCDG65-252,ABB";Installed;PM8.GRP8/DO.47/GM;3959;https://www.safesave.info/MIC.php?id=Fajar-MotorList3959;2023-10-21 12:19:21
EMO004581;FP-01-PM8-PMA-CRN2-CTR1;10010506;"CRANE MOTOR;380V,50Hz,0.46KW,8P,2.5A";Installed;PM8.CRN2.CTR1/M1B;3960;https://www.safesave.info/MIC.php?id=Fajar-MotorList3960;2023-10-21 12:19:21
EMO004582;FP-01-PM8-PMA-CRN2-CTR2;10010506;"CRANE MOTOR;380V,50Hz,0.46KW,8P,2.5A";Installed;PM8.CRN2.CTR2/M2A;3961;https://www.safesave.info/MIC.php?id=Fajar-MotorList3961;2023-10-21 12:19:21
EMO004583;FP-01-PM8-PMA-CRN2-CTR2;10010506;"CRANE MOTOR;380V,50Hz,0.46KW,8P,2.5A";Installed;PM8.CRN2.CTR2/M2B;3962;https://www.safesave.info/MIC.php?id=Fajar-MotorList3962;2023-10-21 12:19:21
EMO004584;FP-01-PM8-PMA-CRN2-CTR3;10010506;"CRANE MOTOR;380V,50Hz,0.46KW,8P,2.5A";Installed;PM8.CRN2.CTR3/M3A;3963;https://www.safesave.info/MIC.php?id=Fajar-MotorList3963;2023-10-21 12:19:21
EMO004585;FP-01-PM8-PMA-CRN2-CTR3;10010506;"CRANE MOTOR;380V,50Hz,0.46KW,8P,2.5A";Installed;PM8.CRN2.CTR3/M3B;3964;https://www.safesave.info/MIC.php?id=Fajar-MotorList3964;2023-10-21 12:19:21
EMO004586;FP-01-PM8-PMA-CRN2-LTR2;10010639;"CRANE MOTOR;380V,50Hz,0.88KW,8P,4.10A";Installed;PM8.CRN2.LTR2/M;3965;https://www.safesave.info/MIC.php?id=Fajar-MotorList3965;2023-10-21 12:19:21
EMO004580;FP-01-PM8-PMA-CRN1-LTR2;10010639;"CRANE MOTOR;380V,50Hz,0.88KW,8P,4.10A";Installed;PM8.CRN1.LTR2/M;3966;https://www.safesave.info/MIC.php?id=Fajar-MotorList3966;2023-10-21 12:19:21
EMO004579;FP-01-PM8-PMA-CRN1-HST2;;"CRANE MOTOR;380V,50Hz,1.40KW,10P,9.60A";Installed;PM8.CRN1.HST2/M;3967;https://www.safesave.info/MIC.php?id=Fajar-MotorList3967;2023-10-21 12:19:21
EMO004576;FP-01-PM8-PMA-CRN1-CTR1;10010506;"CRANE MOTOR;380V,50Hz,0.46KW,8P,2.5A";Installed;PM8.CRN1.CTR1/M1B;3968;https://www.safesave.info/MIC.php?id=Fajar-MotorList3968;2023-10-21 12:19:21
EMO004578;FP-01-PM8-PMA-CRN1-CTR2;10010506;"CRANE MOTOR;380V,50Hz,0.46KW,8P,2.5A";Installed;PM8.CRN1.CTR2/M2B;3969;https://www.safesave.info/MIC.php?id=Fajar-MotorList3969;2023-10-21 12:19:21
EMO004577;FP-01-PM8-PMA-CRN1-CTR2;10010506;"CRANE MOTOR;380V,50Hz,0.46KW,8P,2.5A";Installed;PM8.CRN1.CTR2/M2A;3970;https://www.safesave.info/MIC.php?id=Fajar-MotorList3970;2023-10-21 12:19:21
EMO004591;FP-01-PM8-PMA-CRN3-LTR2;10010639;"CRANE MOTOR;380V,50Hz,0.88KW,8P,4.1A";Installed;PM8.CRN3.LTR2/M;3971;https://www.safesave.info/MIC.php?id=Fajar-MotorList3971;2023-10-21 12:19:21
EMO004590;FP-01-PM8-PMA-CRN3-HST2;;"CRANE MOTOR;380V,50Hz,21.7KW,2P,43A";Installed;PM8.CRN3.HST2/M;3972;https://www.safesave.info/MIC.php?id=Fajar-MotorList3972;2023-10-21 12:19:21
EMO004587;FP-01-PM8-PMA-CRN3-CTR1;10010506;"CRANE MOTOR;380V,50Hz,0.46KW,8P,2.5A";Installed;PM8.CRN3.CTR1/M1B;3973;https://www.safesave.info/MIC.php?id=Fajar-MotorList3973;2023-10-21 12:19:21
EMO004588;FP-01-PM8-PMA-CRN3-CTR2;10010506;"CRANE MOTOR;380V,50Hz,0.46KW,8P,2.5A";Installed;PM8.CRN3.CTR2/M2A;3974;https://www.safesave.info/MIC.php?id=Fajar-MotorList3974;2023-10-21 12:19:21
EMO005125;FP-01-SP8-RJS-TH40;;"AC MOTOR;380V,50Hz,0.75kW,4P,80M,B3";Installed;SP8.RJS/M-R-3/BL(M);3975;https://www.safesave.info/MIC.php?id=Fajar-MotorList3975;2023-10-21 12:19:21
MGM001045;FP-01-PM8-RHD-CN24;;"GR.MOTOR;1.1kW,i=?,SK90S/4,NORD";Installed;PM8.RHD.M3003/CN24/GM;3976;https://www.safesave.info/MIC.php?id=Fajar-MotorList3976;2023-10-21 12:19:21
MGM001044;FP-01-PM8-RHD-CN23;;"GR.MOTOR;2.2kW,i=?,SK 4282AGB-100L/4,NOR";Installed;PM8.RHD.M3004/CN23/GM;3977;https://www.safesave.info/MIC.php?id=Fajar-MotorList3977;2023-10-21 12:19:21
MGM000908;FP-01-PM8-RHD-CN22;;"GR.MOTOR;2.2KW,5.2A,SK 4282AGB-100L/4";Installed;PM8.RHD.M3005/CN22/GM;3978;https://www.safesave.info/MIC.php?id=Fajar-MotorList3978;2023-10-21 12:19:21
EMO005126;FP-01-PM8-VAS-FU60;;"AC MOTOR;380V,50Hz,11kW,4P,160M,B3";Installed;PM8.VAS.S-SV-10/M;3979;https://www.safesave.info/MIC.php?id=Fajar-MotorList3979;2023-10-21 12:19:21
MGM001042;FP-01-PM8-RHD-CN20;;"GR.MOTOR;4kW,i=?,SK112M/4,NORD";Installed;PM8.RHD.M2013/CN20/GM;3980;https://www.safesave.info/MIC.php?id=Fajar-MotorList3980;2023-10-21 12:19:21
MGM001043;FP-01-PM8-RHD-CN21;;"GR.MOTOR;4kW,i=?,SK112M/4,NORD";Installed;PM8.RHD.M2014/CN21/GM;3981;https://www.safesave.info/MIC.php?id=Fajar-MotorList3981;2023-10-21 12:19:21
MGM001047;FP-01-PM8-RHD-CN26;;"GR.MOTOR;4kW,i=?,SK112M/4,NORD";Installed;PM8.RHD.M3001/CN26/GM;3982;https://www.safesave.info/MIC.php?id=Fajar-MotorList3982;2023-10-21 12:19:21
MGM001046;FP-01-PM8-RHD-CN25;;"GR.MOTOR;1.1kW,i=?,SK90S/4,NORD";Installed;PM8.RHD.M3002/CN25/GM;3983;https://www.safesave.info/MIC.php?id=Fajar-MotorList3983;2023-10-21 12:19:21
MGM000897;FP-01-PM8-RHD-CN01;;"GR.MOTOR;2.2KW,22RPM,SK 328AGB-100L/4,";Installed;PM8.RHD.CN01/GM;3984;https://www.safesave.info/MIC.php?id=Fajar-MotorList3984;2023-10-21 12:19:21
MGM000898;FP-01-PM8-RHD-CN02;;"GR.MOTOR;1.1kW,22RPM,SK2282AGB-90S/4";Installed;PM8.RHD.CN02/GM;3985;https://www.safesave.info/MIC.php?id=Fajar-MotorList3985;2023-10-21 12:19:21
MGM000899;FP-01-PM8-RHD-CN03;;"GR.MOTOR;1.1kW,22RPM,SK2282AGB-90S/4";Installed;PM8.RHD.CN03/GM;3986;https://www.safesave.info/MIC.php?id=Fajar-MotorList3986;2023-10-21 12:19:21
MGM000901;FP-01-PM8-RHD-CN04;;"GR.MOTOR;1.1kW,22RPM,SK2282AGB-90S/4";Installed;PM8.RHD.CN04/GM;3987;https://www.safesave.info/MIC.php?id=Fajar-MotorList3987;2023-10-21 12:19:21
MGM000902;FP-01-PM8-RHD-CN05;;"GR.MOTOR;1.5KW,22RPM,SK 2282AGB-90L/4";Installed;PM8.RHD.CN05/GM;3988;https://www.safesave.info/MIC.php?id=Fajar-MotorList3988;2023-10-21 12:19:21
MGM000905;FP-01-PM8-RHD-CN06;;"GR.MOTOR;1.5KW,22RPM,SK 2282AGB-90L/4";Installed;PM8.RHD.CN06/GM;3989;https://www.safesave.info/MIC.php?id=Fajar-MotorList3989;2023-10-21 12:19:21
MGM000906;FP-01-PM8-RHD-CN07;;"GR.MOTOR;1.1KW 22RPM,SK 2282AGB-90S/4";Installed;PM8.RHD.CN07/GM;3990;https://www.safesave.info/MIC.php?id=Fajar-MotorList3990;2023-10-21 12:19:21
MGM001030;FP-01-PM8-RHD-CN08;;"GR.MOTOR;1.1kW,i=?,SK90S/4,NORD";Installed;PM8.RHD.M2001/CN08/GM;3991;https://www.safesave.info/MIC.php?id=Fajar-MotorList3991;2023-10-21 12:19:21
MGM001040;FP-01-PM8-RHD-CN18;;"GR.MOTOR;4kW,i=?,SK112M/4,NORD";Installed;PM8.RHD.M2011/CN18/GM;3992;https://www.safesave.info/MIC.php?id=Fajar-MotorList3992;2023-10-21 12:19:21
MGM001041;FP-01-PM8-RHD-CN19;;"GR.MOTOR;4kW,i=?,SK112M/4,NORD";Installed;PM8.RHD.M2012/CN19/GM;3993;https://www.safesave.info/MIC.php?id=Fajar-MotorList3993;2023-10-21 12:19:21
MGM001033;FP-01-PM8-RHD-CN11;;"GR.MOTOR;4kW,i=?,SK112M/4,NORD";Installed;PM8.RHD.M2004/CN11/GM;3994;https://www.safesave.info/MIC.php?id=Fajar-MotorList3994;2023-10-21 12:19:21
MGM001034;FP-01-PM8-RHD-CN12;;"GR.MOTOR;4kW,i=?,SK112M/4,NORD";Installed;PM8.RHD.M2005/CN12/GM;3995;https://www.safesave.info/MIC.php?id=Fajar-MotorList3995;2023-10-21 12:19:21
MGM001035;FP-01-PM8-RHD-CN13;;"GR.MOTOR;4kW,i=?,SK112M/4,NORD";Installed;PM8.RHD.M2006/CN13/GM;3996;https://www.safesave.info/MIC.php?id=Fajar-MotorList3996;2023-10-21 12:19:21
MGM001036;FP-01-PM8-RHD-CN14;;"GR.MOTOR;4kW,i=?,SK112M/4,NORD";Installed;PM8.RHD.M2007/CN14/GM;3997;https://www.safesave.info/MIC.php?id=Fajar-MotorList3997;2023-10-21 12:19:21
MGM001037;FP-01-PM8-RHD-CN15;;"GR.MOTOR;4kW,i=?,SK112M/4,NORD";Installed;PM8.RHD.M2008/CN15/GM;3998;https://www.safesave.info/MIC.php?id=Fajar-MotorList3998;2023-10-21 12:19:21
MGM001038;FP-01-PM8-RHD-CN16;;"GR.MOTOR;4kW,i=?,SK112M/4,NORD";Installed;PM8.RHD.M2009/CN16/GM;3999;https://www.safesave.info/MIC.php?id=Fajar-MotorList3999;2023-10-21 12:19:21
MGM001039;FP-01-PM8-RHD-CN17;;"GR.MOTOR;4kW,i=?,SK112M/4,NORD";Installed;PM8.RHD.M2010/CN17/GM;4000;https://www.safesave.info/MIC.php?id=Fajar-MotorList4000;2023-10-21 12:19:21
EMO001602;FP-01-SP8-OCC-RF10;10010520;"AC MOTOR;3000V,50Hz,1000kW,12P,560X,B3";Installed;SP8.OCC.RF10/M;4001;https://www.safesave.info/MIC.php?id=Fajar-MotorList4001;2023-10-21 12:19:21
EMO004589;FP-01-PM8-PMA-CRN3-CTR2;;"CRANE MOTOR;380V,50Hz,0.46KW,8P,2.5A";Installed;PM8.CRN3.CTR2/M2B;4002;https://www.safesave.info/MIC.php?id=Fajar-MotorList4002;2023-10-21 12:19:21
MFB000388;FP-01-PM8-MCL-BL07;;"VACUUM BLOWER;SCL E12 TS GVR,EFFEPIZETA";Installed;PM8.MCL/BEAM#5/V.BLW;4003;https://www.safesave.info/MIC.php?id=Fajar-MotorList4003;2023-10-21 12:19:21
MFB000389;FP-01-PM8-MCL-BL08;;"VACUUM BLOWER;SCL E12 TS GVR,EFFEPIZETA";Installed;PM8.MCL/BEAM#6/V.BLW;4004;https://www.safesave.info/MIC.php?id=Fajar-MotorList4004;2023-10-21 12:19:21
EMO005547;FP-01-PM8-MCL-P594;;"AC MOTOR;380V,50Hz,37kW,4P,225S,B5";Installed;PM8.FWS.RO/T2/MCL/HP-P/M;4005;https://www.safesave.info/MIC.php?id=Fajar-MotorList4005;2023-10-21 12:19:21
EMO005548;FP-01-PM8-MCL-P594;;"AC MOTOR;380V,50Hz,0.22kW,4P";Installed;PM8.FWS.RO/T2/MCL/HP-P/M_FAN;4006;https://www.safesave.info/MIC.php?id=Fajar-MotorList4006;2023-10-21 12:19:21
