id;material_number;equipment_description;status;sort_field;unique_id;qr_code_link
EMO003495;10011114;"MOTOR AC;90KW;167A;4P;380V;B";Installed;SP3.C29/P76/M;1801;https://www.safesave.info/MIC.php?id=Fajar-MotorList1801
EMO003124;;"AC MOTOR;380V,50Hz,75kW,4P,250M,B35";Installed;SP3.P71A/M;1802;https://www.safesave.info/MIC.php?id=Fajar-MotorList1802
EMO000226;10011099;"AC MOTOR;380V,50Hz,75kW,4P,280S,B35";Installed;SP3.P71/M;1803;https://www.safesave.info/MIC.php?id=Fajar-MotorList1803
EMO000426;10010668;"AC MOTOR;380V,50Hz,75kW,4P,250M,B3";Installed;SP3.P.70/M;1804;https://www.safesave.info/MIC.php?id=Fajar-MotorList1804
EMO000922;10011059;"AC MOTOR;380V,50HZ,37KW,4P,70.9A,B";Installed;SP3.C30/P43/M;1805;https://www.safesave.info/MIC.php?id=Fajar-MotorList1805
EMO000908;;"AC MOTOR;380V,50Hz,5.5kW,4P,132S,B3";Installed;SP3.C20/P41/M;1806;https://www.safesave.info/MIC.php?id=Fajar-MotorList1806
EMO000907;;"MOTOR AC;22KW;45,9A;6P;380V;B";Installed;SP3.C20/AGT20/M;1807;https://www.safesave.info/MIC.php?id=Fajar-MotorList1807
EMO000906;;"AC MOTOR;380V,50Hz,75kW,4P,250M,B3";Installed;SP3.C19/P77/M;1808;https://www.safesave.info/MIC.php?id=Fajar-MotorList1808
EMO000905;10010918;"AC MOTOR;380V,50Hz,11kW,4P,160M,B3";Installed;SP3.C19/P45/M;1809;https://www.safesave.info/MIC.php?id=Fajar-MotorList1809
EMO000903;;"AC MOTOR;380V,50Hz,37kW,4P,200M,B3";Installed;SP3.C18/P78/M;1810;https://www.safesave.info/MIC.php?id=Fajar-MotorList1810
EMO000024;;"MOTOR;37KW";Installed;SP3.RJ03A/M;1811;https://www.safesave.info/MIC.php?id=Fajar-MotorList1811
EMO002712;10010619;"MOTOR;AC,55KW,108A,4P";Installed;SP3.RJ06/GB/M;1812;https://www.safesave.info/MIC.php?id=Fajar-MotorList1812
EMO002799;;"AC MOTOR;380V,50Hz,75kW,4P,280S,B35";Installed;SP3.P042/M;1813;https://www.safesave.info/MIC.php?id=Fajar-MotorList1813
EMO000998;;"MOTOR AC;1,5KW;3,75A;4P;380V;";Installed;SP3.RJ04/GB1/M;1814;https://www.safesave.info/MIC.php?id=Fajar-MotorList1814
EMO000999;;"MOTOR AC;1,5KW;3,75A;4P;380V;";Installed;SP3.RJ04/GB2/M;1815;https://www.safesave.info/MIC.php?id=Fajar-MotorList1815
EMO000620;10010987;"MOTOR AC;15KW;30,5A;4P;380V;B";Installed;SP3.RJ03/GB/M;1816;https://www.safesave.info/MIC.php?id=Fajar-MotorList1816
EMO000995;;"MOTOR AC;11KW;21,5A;4P;380V;B";Installed;SP3.SP.26/GB1/M;1817;https://www.safesave.info/MIC.php?id=Fajar-MotorList1817
EMO000061;10010918;"AC MOTOR;380V,50Hz,11kW,4P,160M,B3";Installed;SP3.SP.25/GB1/M;1818;https://www.safesave.info/MIC.php?id=Fajar-MotorList1818
EMO000992;;"MOTOR AC;20HP;29A;4P;380V;B";Installed;SP3.SP.32/GB1/M;1819;https://www.safesave.info/MIC.php?id=Fajar-MotorList1819
EMO000993;;"MOTOR AC;0,37KW;1,2A;4P;380V;";Installed;SP3.SP.32/GB2/M;1820;https://www.safesave.info/MIC.php?id=Fajar-MotorList1820
EMO000991;;MOTOR;Installed;SP3.SP.31A/GB2/M;1821;https://www.safesave.info/MIC.php?id=Fajar-MotorList1821
EMO003928;10027266;"AC MOTOR;380V,50Hz,37kW,4P,225S,B3";Installed;SP3.SP.31A/GB1/M;1822;https://www.safesave.info/MIC.php?id=Fajar-MotorList1822
EMO003472;;ELECTRIC MOTOR(VACUUM PUMP THK );Installed;SP3.SP31B/M;1823;https://www.safesave.info/MIC.php?id=Fajar-MotorList1823
EMO003473;;ELECTRIC MOTOR( DROPLEG PUMP THK );Installed;SP3.SP31C;1824;https://www.safesave.info/MIC.php?id=Fajar-MotorList1824
EMO003835;10011100;"AC MOTOR;380V,50Hz,15kW,4P,160L,B5";Installed;SP3.SP.31/GB1/M;1825;https://www.safesave.info/MIC.php?id=Fajar-MotorList1825
EMO000953;;"MOTOR AC;45KW;93A;4P;380V;B";Installed;SP3.SP.31C/M;1826;https://www.safesave.info/MIC.php?id=Fajar-MotorList1826
EMO000952;;MOTOR;Installed;SP3-SP-31B/M;1827;https://www.safesave.info/MIC.php?id=Fajar-MotorList1827
EMO001641;;"AC MOTOR;380V,50Hz,37kW,4P,225S,B3";Installed;SP3-RJ05-C/M;1828;https://www.safesave.info/MIC.php?id=Fajar-MotorList1828
EMO000929;10010538;"AC MOTOR;380V,50HZ,110KW,2P,B";Installed;SP3.C33/P56/M;1829;https://www.safesave.info/MIC.php?id=Fajar-MotorList1829
EMO005229;10010538;"AC MOTOR;380V,50HZ,110KW,2P,280M,B3";Installed;SP3.C33/P86/M;1830;https://www.safesave.info/MIC.php?id=Fajar-MotorList1830
EMO000901;;"AC MOTOR;380V,50Hz,11kW,6P,160L,B3";Installed;SP3.C16/P24/M;1831;https://www.safesave.info/MIC.php?id=Fajar-MotorList1831
EMO000900;;"MOTOR AC;55KW;108A;6P;380V;B";Installed;SP3.C16/AGT16/M;1832;https://www.safesave.info/MIC.php?id=Fajar-MotorList1832
EMO000899;10020901;"AC MOTOR;380V,50Hz,45kW,4P,225M,B3";Installed;SP3.C15/P22/M;1833;https://www.safesave.info/MIC.php?id=Fajar-MotorList1833
EMO000898;;"MOTOR AC;55KW;108A;6P;380V;B";Installed;SP3.C15/AGT15/M;1834;https://www.safesave.info/MIC.php?id=Fajar-MotorList1834
EMO000897;;"AC MOTOR;380V,50Hz,30kW,6P,200L,B3";Installed;SP3.C14/P23/M;1835;https://www.safesave.info/MIC.php?id=Fajar-MotorList1835
EMO000127;;"AC MOTOR;380V,50Hz,55kW,6P,280S,B35";Available;SP3.C14/AGT14/M;1836;https://www.safesave.info/MIC.php?id=Fajar-MotorList1836
EMO000893;10020901;"AC MOTOR;380V,50Hz,45kW,4P,225M,B3";Installed;SP3.C12/P50/M;1837;https://www.safesave.info/MIC.php?id=Fajar-MotorList1837
EMO000892;;"AC MOTOR;380V,50Hz,90kW,4P,280M,B3";Installed;SP3.C12/P49A/M;1838;https://www.safesave.info/MIC.php?id=Fajar-MotorList1838
EMO000891;;"AC MOTOR;3000V,50Hz,351kW,4P,355AB,B3";Installed;SP3.C12/P49/M;1839;https://www.safesave.info/MIC.php?id=Fajar-MotorList1839
EMO000093;;"AC MOTOR;380V,50Hz,18.5kW,4P,180M,B3";Installed;SP3.C11/P21/M;1840;https://www.safesave.info/MIC.php?id=Fajar-MotorList1840
EMO000888;10020901;"AC MOTOR;380V,50Hz,45kW,4P,225M,B3";Installed;SP3.C10/P20/M;1841;https://www.safesave.info/MIC.php?id=Fajar-MotorList1841
EMO003668;;"AC MOTOR;380V,50Hz,22kW,6P,200L,B3";Installed;SP3.C10/AGT10/M;1842;https://www.safesave.info/MIC.php?id=Fajar-MotorList1842
EMO002007;10020901;"AC MOTOR;380V,50hZ,45kW,4P,B";Installed;SP3.C9/P19/M;1843;https://www.safesave.info/MIC.php?id=Fajar-MotorList1843
EMO000457;10010560;"AC MOTOR;380V,50Hz,30kW,4P,200L,B3";Installed;SP3.C8/P18/M;1844;https://www.safesave.info/MIC.php?id=Fajar-MotorList1844
EMO000884;10010623;"AC MOTOR;380V,50Hz,75kW,4P,280S,B3";Installed;SP3.C8/P17/M;1845;https://www.safesave.info/MIC.php?id=Fajar-MotorList1845
EMO000882;;"AC MOTOR;3000V,50Hz,375kW,6P,460AB,B3";Installed;SP3.C8/P15/M;1846;https://www.safesave.info/MIC.php?id=Fajar-MotorList1846
EMO000880;;"AC MOTOR;380V,50Hz,30kW,4P,200L,B3";Installed;SP3.C7/P12/M;1847;https://www.safesave.info/MIC.php?id=Fajar-MotorList1847
EMO000881;;"MOTOR AC;7,5KW;17A;6P;380V;B";Installed;SP3.C7/AGT7/M;1848;https://www.safesave.info/MIC.php?id=Fajar-MotorList1848
EMO003404;10010571;MOTOR,30KW,60A,6P,380V,B;Installed;SP3.C6/P48/M;1849;https://www.safesave.info/MIC.php?id=Fajar-MotorList1849
EMO000878;;"MOTOR AC;55KW;108A;6P;380V;B";Installed;SP3.C6/AGT6/M;1850;https://www.safesave.info/MIC.php?id=Fajar-MotorList1850
EMO000877;10020524;"AC MOTOR;380V,50Hz,90kW,4P,280M,B3";Installed;SP3.C5/P10/M;1851;https://www.safesave.info/MIC.php?id=Fajar-MotorList1851
EMO000865;10010688;"MOTOR AC;37KW;74A;6P;380V;B";Installed;SP3.C5/AGT5/M;1852;https://www.safesave.info/MIC.php?id=Fajar-MotorList1852
EMO000875;;"AC MOTOR;380V,50Hz,132kW,4P,315M,B3";Installed;SP3.P-09/M;1853;https://www.safesave.info/MIC.php?id=Fajar-MotorList1853
EMO002906;;MOTOR,AC,AEEB250M,TECO,75KW,140A,4P,380V;Installed;SP3.C4/P13/M;1854;https://www.safesave.info/MIC.php?id=Fajar-MotorList1854
EMO000873;;"MOTOR AC;75KW;143A;6P;380V;B";Installed;SP3.C4/AGT4B/M;1855;https://www.safesave.info/MIC.php?id=Fajar-MotorList1855
EMO000872;;"MOTOR AC;75KW;143A;6P;380V;B";Installed;SP3.C4/AGT4A/M;1856;https://www.safesave.info/MIC.php?id=Fajar-MotorList1856
EMO000874;10010905;"AC MOTOR;380V,50HZ,55KW,4P,B";Installed;SP3.P-14/M;1857;https://www.safesave.info/MIC.php?id=Fajar-MotorList1857
EMO000870;;"MOTOR AC;55KW;108A;6P;380V;B";Installed;SP3.C3/AGT3B/M;1858;https://www.safesave.info/MIC.php?id=Fajar-MotorList1858
EMO000869;;"MOTOR AC;55KW;108A;6P;380V;B";Installed;SP3.C3/AGT3A/M;1859;https://www.safesave.info/MIC.php?id=Fajar-MotorList1859
EMO001941;10010653;"AC MOTOR;380V,50Hz,110kW,4P,280M,B3";Installed;SP3.C2/P8/M;1860;https://www.safesave.info/MIC.php?id=Fajar-MotorList1860
EMO003966;10010688;"AC MOTOR;380V,50Hz,37kW,6P,250M,B3";Installed;SP3.OCC.M;1861;https://www.safesave.info/MIC.php?id=Fajar-MotorList1861
EMO001629;10010653;"AC MOTOR;380V,50Hz,110kW,4P,280M,B3";Available;SP3.C1/P7/M;1862;https://www.safesave.info/MIC.php?id=Fajar-MotorList1862
EMO000204;10010688;"AC MOTOR;380V,50Hz,37kW,6P,250S,B3";Installed;SP3.C1/AGT1/M;1863;https://www.safesave.info/MIC.php?id=Fajar-MotorList1863
EMO003132;10011065;"AC MOTOR;380V,50HZ,5.5KW,4P,B";Installed;SP3.RJ01/M;1864;https://www.safesave.info/MIC.php?id=Fajar-MotorList1864
EMO002923;10020523;"AC MOTOR;380V,50HZ,55KW,4P,B";Installed;SP3.SP.30/M;1865;https://www.safesave.info/MIC.php?id=Fajar-MotorList1865
EMO000977;;"MOTOR AC;55KW;105A;4P;380V;B";Installed;SP3.SP.29/M;1866;https://www.safesave.info/MIC.php?id=Fajar-MotorList1866
EMO000975;10011050;"AC MOTOR;380V,50HZ,110KW,6P,B";Installed;SP3.SP.27/M;1867;https://www.safesave.info/MIC.php?id=Fajar-MotorList1867
EMO001011;10011050;"AC MOTOR;380V,50Hz,110kW,6P,315L,B3";Installed;SP3.SP.21/M;1868;https://www.safesave.info/MIC.php?id=Fajar-MotorList1868
EMO000972;;"MOTOR AC;55KW;102A;4P;380V;B";Installed;SP3.SP.22/M;1869;https://www.safesave.info/MIC.php?id=Fajar-MotorList1869
EMO000076;;"AC MOTOR;380V,50Hz,55kW,4P,250S,B3";Installed;SP3.SP.20/M;1870;https://www.safesave.info/MIC.php?id=Fajar-MotorList1870
EMO003528;;"AC MOTOR;3000V,50Hz,315kW,6P,450M,B3";Installed;SP3.SP.19/M;1871;https://www.safesave.info/MIC.php?id=Fajar-MotorList1871
EMO001003;;"MOTOR AC;750KW;200,7A;12P;3000V;B";Installed;SP3.SP.33/M;1872;https://www.safesave.info/MIC.php?id=Fajar-MotorList1872
EMO000844;10010890;"AC MOTOR;380V,50Hz,5.5kW,4P,132S,B3";Installed;SP3.SP.12/M;1873;https://www.safesave.info/MIC.php?id=Fajar-MotorList1873
EMO000863;;"MOTOR AC;0,55KW;1,9A;4P;380V;";Installed;SP3.SP.14/M;1874;https://www.safesave.info/MIC.php?id=Fajar-MotorList1874
EMO000857;;"AC MOTOR;380V,50Hz,55kW,4P,225S,B3";Installed;SP3.PUL2.P3/M;1875;https://www.safesave.info/MIC.php?id=Fajar-MotorList1875
EMO000861;10010669;"AC MOTOR;380V,50HZ,75KW,6P,143A,B";Installed;SP3.SP.10/M;1876;https://www.safesave.info/MIC.php?id=Fajar-MotorList1876
EMO000854;;"MOTOR AC;600KW;131,5A;4P;3000V;B";Installed;SP3.PUL2.GB/M;1877;https://www.safesave.info/MIC.php?id=Fajar-MotorList1877
EMO000846;;"MOTOR;3KW";Installed;SP3.SP.05A/M;1878;https://www.safesave.info/MIC.php?id=Fajar-MotorList1878
EMO000847;;"MOTOR;3.5KW";Installed;SP3.SP.05B/M;1879;https://www.safesave.info/MIC.php?id=Fajar-MotorList1879
EMO002734;10010870;"AC MOTOR;380V,50Hz,5.5kW,4P,132S,B3";Installed;SP3.SP.11/M;1880;https://www.safesave.info/MIC.php?id=Fajar-MotorList1880
EMO000851;;"MOTOR AC;0,55KW;1,9A;4P;380V;";Installed;SP3.SP.13/M;1881;https://www.safesave.info/MIC.php?id=Fajar-MotorList1881
EMO000848;;"MOTOR;3.7KW";Installed;SP3.SP.05C/M;1882;https://www.safesave.info/MIC.php?id=Fajar-MotorList1882
EMO001063;10010870;"AC MOTOR;380V,50Hz,5.5kW,4P,132S,B3";Installed;SP3.PUL1.P2/M;1883;https://www.safesave.info/MIC.php?id=Fajar-MotorList1883
EMO003396;10024192;"MOTOR;75KW;144A;4P;B";Installed;SP3.PUL1.P1/M;1884;https://www.safesave.info/MIC.php?id=Fajar-MotorList1884
EMO000979;10010870;"AC MOTOR;380V,50Hz,5.5kW,4P,132S,B3";Installed;SP3.PUL1.OIL.P/M;1885;https://www.safesave.info/MIC.php?id=Fajar-MotorList1885
EMO000852;10010669;"AC MOTOR;380V,50HZ,75KW,6P,143A,B";Installed;SP3.SP.09/M;1886;https://www.safesave.info/MIC.php?id=Fajar-MotorList1886
EMO003074;;"AC MOTOR;3000V,50Hz,600kW,4P,450B,B3";Installed;SP3.PUL1.GB/M;1887;https://www.safesave.info/MIC.php?id=Fajar-MotorList1887
EMO000987;;"MOTOR AC;250KW;59,2A;6P;3000V;B";Installed;SP3.SP.24/M;1888;https://www.safesave.info/MIC.php?id=Fajar-MotorList1888
EMO003325;;"AC MOTOR;3000V,50Hz,250kW,6P,355L,B3";Installed;SP3.SP.23/M;1889;https://www.safesave.info/MIC.php?id=Fajar-MotorList1889
EMO000856;;"MOTOR AC;11KW;28,5A;4P;380V;";Installed;SP3.CON2.GB/M;1890;https://www.safesave.info/MIC.php?id=Fajar-MotorList1890
EMO000842;;"MOTOR;11KW";Installed;SP3.CON1.GB/M;1891;https://www.safesave.info/MIC.php?id=Fajar-MotorList1891
EMO000585;10011051;"AC MOTOR;380V,50Hz,11kW,4P,160M,B3";Available;SP3.P.05;1892;https://www.safesave.info/MIC.php?id=Fajar-MotorList1892
EMO001002;;"MOTOR AC;0,5HP;1,5A;4P;380V;V";Installed;SP3.BR05/GB2/M;1893;https://www.safesave.info/MIC.php?id=Fajar-MotorList1893
EMO002878;10011069;"AC MOTOR;380V,50Hz,7.5kW,4P";Installed;SP3.BR05/GB1/M;1894;https://www.safesave.info/MIC.php?id=Fajar-MotorList1894
EMO001939;10010563;MOTOR,225M/4,ASGEN,45KW,83A,4P;Installed;SP3.C28/P36/M;1895;https://www.safesave.info/MIC.php?id=Fajar-MotorList1895
EMO000919;;"AC MOTOR;380V,50Hz,22kW,4P,180M,B3";Installed;SP3.C28/P35/M;1896;https://www.safesave.info/MIC.php?id=Fajar-MotorList1896
EMO000918;10010694;"AC MOTOR;380V,50HZ,90KW,6P,B";Installed;SP3.C28/AGT14/M;1897;https://www.safesave.info/MIC.php?id=Fajar-MotorList1897
EMO000917;;"AC MOTOR;380V,50Hz,55kW,4P,250M,B3";Installed;SP3.C27/P38/M;1898;https://www.safesave.info/MIC.php?id=Fajar-MotorList1898
EMO000916;;"MOTOR AC;22KW;46,7A;6P;380V;B";Installed;SP3.C27/AGT27/M;1899;https://www.safesave.info/MIC.php?id=Fajar-MotorList1899
EMO000985;;"MOTOR AC;55KW;105A;4P;380V;B";Installed;SP3.BR04/M;1900;https://www.safesave.info/MIC.php?id=Fajar-MotorList1900
EMO001007;;"MOTOR AC;150KW;274A;4P;380V;B";Installed;PM3.BR03/M;1901;https://www.safesave.info/MIC.php?id=Fajar-MotorList1901
EMO001567;;"AC MOTOR;380V,50Hz,30kW,4P,200L,B3";Installed;SP3.C23/P28/M;1902;https://www.safesave.info/MIC.php?id=Fajar-MotorList1902
EMO003425;10011053;"MOTOR AC;132KW;242A;4P;380V;B";Installed;SP3.C22/P26/M;1903;https://www.safesave.info/MIC.php?id=Fajar-MotorList1903
EMO000911;;"MOTOR AC;55KW;108A;6P;380V;B";Installed;SP3.C22/AGT12/M;1904;https://www.safesave.info/MIC.php?id=Fajar-MotorList1904
EMO003328;;"MOTOR;15KW;4P;29A;380 V";Installed;SP7.P-2-26/M;1905;https://www.safesave.info/MIC.php?id=Fajar-MotorList1905
EMO001583;;"AC MOTOR;380V,50Hz,30kW,6P,225M,V5";Available;SP3.C21/P25/M;1906;https://www.safesave.info/MIC.php?id=Fajar-MotorList1906
EMO000909;;"MOTOR AC;75KW;143A;6P;380V;B";Installed;SP3.C21/AGT13/M;1907;https://www.safesave.info/MIC.php?id=Fajar-MotorList1907
EMO001680;10010683;"AC MOTOR;380V,50HZ,55kW,4P,250S,B3";Installed;PM3.P-72/M;1908;https://www.safesave.info/MIC.php?id=Fajar-MotorList1908
EMO000969;;MOTOR;Installed;PM3-SWECO/GB2/M;1909;https://www.safesave.info/MIC.php?id=Fajar-MotorList1909
EMO000968;;MOTOR;Installed;PM3-SWECO/GB1/M;1910;https://www.safesave.info/MIC.php?id=Fajar-MotorList1910
EMO003614;10010926;"AC MOTOR;380V,50Hz,55kW,4P,250M,B3";Installed;SP3.C37.P87/M;1911;https://www.safesave.info/MIC.php?id=Fajar-MotorList1911
EMO000939;;"AC MOTOR;380V,50Hz,55kW,2P,25M,B3";Installed;SP3.C37/P58/M;1912;https://www.safesave.info/MIC.php?id=Fajar-MotorList1912
EMO000938;;"AC MOTOR;380V,50Hz,75kW,4P,250M,B3";Installed;SP3.C37/P57/M;1913;https://www.safesave.info/MIC.php?id=Fajar-MotorList1913
EMO000488;;"AC MOTOR;380V,50Hz,22kW,4P,180L,B3";Installed;SP3.C36.P82/M;1914;https://www.safesave.info/MIC.php?id=Fajar-MotorList1914
EMO004926;10010549;"AC MOTOR;380V,50Hz,30kW,4P,200M,B3";Installed;SP3.C35.P81/M;1915;https://www.safesave.info/MIC.php?id=Fajar-MotorList1915
EMO003123;10010898;"AC MOTOR;380V,50Hz,90kW,2P,280M,B3";Installed;PM3.C34.P84A/M;1916;https://www.safesave.info/MIC.php?id=Fajar-MotorList1916
EMO000934;10020901;"AC MOTOR;380V,50Hz,45kW,4P,225M,B3";Installed;SP3.C34/P80/M;1917;https://www.safesave.info/MIC.php?id=Fajar-MotorList1917
EMO003956;10010686;"AC MOTOR;380V,50Hz,110kW,2P,280M,B3";Installed;PM3.C34/P84/M;1918;https://www.safesave.info/MIC.php?id=Fajar-MotorList1918
EMO000932;;"AC MOTOR;380V,50Hz,75kW,2P,250S,B3";Installed;SP3.C34/P55/M;1919;https://www.safesave.info/MIC.php?id=Fajar-MotorList1919
EMO002899;;"AC MOTOR;380V,50Hz,45kW,4P,225M,B3";Installed;SP3.C34/P54/M;1920;https://www.safesave.info/MIC.php?id=Fajar-MotorList1920
EMO001881;;"AC MOTOR;380V,50Hz,15kW,6P,180L,B3";Installed;PM3.VP09/M;1921;https://www.safesave.info/MIC.php?id=Fajar-MotorList1921
EMO001015;;"AC MOTOR;3000V,600KW,146A,6P,B";Installed;PM3.VP08/M;1922;https://www.safesave.info/MIC.php?id=Fajar-MotorList1922
EMO001014;;"AC MOTOR;3000V,600KW,146A,6P,B";Installed;PM3.VP07/M;1923;https://www.safesave.info/MIC.php?id=Fajar-MotorList1923
EMO001637;10010656;"AC MOTOR;380V,50Hz,132kW,6P,315M,B3";Installed;PM3.VP06/M;1924;https://www.safesave.info/MIC.php?id=Fajar-MotorList1924
EMO001012;10010669;"AC MOTOR;380V,50HZ,75KW,6P,143A,B";Installed;PM3.VP05/M;1925;https://www.safesave.info/MIC.php?id=Fajar-MotorList1925
EMO003933;10010967;"AC MOTOR;3000V,50Hz,300kW,6P,400M,B3";Installed;PM3.VP04/M;1926;https://www.safesave.info/MIC.php?id=Fajar-MotorList1926
EMO003671;;"AC MOTOR;3000V,50Hz,300kW,6P,400M,B3";Installed;PM3.VP03/M;1927;https://www.safesave.info/MIC.php?id=Fajar-MotorList1927
EMO001009;;"AC MOTOR;3000V,410KW,97.1A,6P,B";Installed;PM3.VP02/M;1928;https://www.safesave.info/MIC.php?id=Fajar-MotorList1928
EMO001008;10010650;"AC MOTOR;380V,50HZ,37KW,2P,B";Installed;PM3.VP01/M;1929;https://www.safesave.info/MIC.php?id=Fajar-MotorList1929
EMO003113;;"AC MOTOR;380V,50Hz,30kW,4P,200M,V1";Installed;PM3-VAC1/P74/M;1930;https://www.safesave.info/MIC.php?id=Fajar-MotorList1930
EMO000965;;"AC MOTOR;380V,50Hz,30kW,4P,200L,B3";Installed;PM3-VAC1/P73/M;1931;https://www.safesave.info/MIC.php?id=Fajar-MotorList1931
EMO002167;10010922;"AC MOTOR;380V,50Hz,45kW,4P,225M,B3";Installed;PM3-SEAL PIT3/P79/M;1932;https://www.safesave.info/MIC.php?id=Fajar-MotorList1932
EMO000963;;"MOTOR AC;4KW;8,6A;4P;380V;B";Installed;PM3-SEAL PIT2/P66/M;1933;https://www.safesave.info/MIC.php?id=Fajar-MotorList1933
EMO003843;10027252;"AC MOTOR;380V,50Hz,55kW,4P,225M,B3";Installed;PM3-SEAL PIT1/P59/M;1934;https://www.safesave.info/MIC.php?id=Fajar-MotorList1934
EMO005039;10010596;"AC MOTOR;380V,50Hz,4kW,4P,112M,B3";Installed;PM3-VS6/P67/M;1935;https://www.safesave.info/MIC.php?id=Fajar-MotorList1935
EMO001275;10022186;"AC MOTOR;380V,50Hz,4KW,4P,112M,B3";Installed;PM3-VS5/P69/M;1936;https://www.safesave.info/MIC.php?id=Fajar-MotorList1936
EMO003995;;"AC MOTOR;380V,50Hz,11kW,4P,160M,B3";Installed;PM3-FT4/DP4/M;1937;https://www.safesave.info/MIC.php?id=Fajar-MotorList1937
EMO003288;10010654;MOTOR,AEEB,TECO,11KW,50HZ,4P,380V;Installed;PM3-FT1/DP3/M;1938;https://www.safesave.info/MIC.php?id=Fajar-MotorList1938
EMO003099;10010658;"AC MOTOR;380V,50HZ,18.5KW,4P";Installed;PM3-DT1/DP2/M;1939;https://www.safesave.info/MIC.php?id=Fajar-MotorList1939
EMO000956;;"MOTOR AC;18,5KW;37A;4P;380V;B";Installed;PM3-DT1/DP1/M;1940;https://www.safesave.info/MIC.php?id=Fajar-MotorList1940
EMO003368;;MOTOR;Installed;PM3.RH-09/M2;1941;https://www.safesave.info/MIC.php?id=Fajar-MotorList1941
EMO003367;;MOTOR;Installed;PM3.RH-04/M2;1942;https://www.safesave.info/MIC.php?id=Fajar-MotorList1942
EMO002590;10010806;"AC MOTOR;380V,50Hz,2.2kW,6P,112M,B3";Installed;PM3.P/LUB/P1/M;1943;https://www.safesave.info/MIC.php?id=Fajar-MotorList1943
EMO002589;;"AC MOTOR;380V,50Hz,2.2kW,6P,112M,B3";Installed;PM3.P/LUB/P2/M;1944;https://www.safesave.info/MIC.php?id=Fajar-MotorList1944
EMO000026;10023877;"AC MOTOR;380V,50Hz,2.2kW,6P,112M,B3";Installed;PM3.P/LUB/P3/M;1945;https://www.safesave.info/MIC.php?id=Fajar-MotorList1945
EMO002591;;"AC MOTOR;380V,50Hz,7.5kW,6P,160M,B3";Installed;PM3.T1.LUB/P1/M;1946;https://www.safesave.info/MIC.php?id=Fajar-MotorList1946
EMO002592;;"AC MOTOR;380V,50Hz,7.5kW,6P,160M,B3";Installed;PM3.T1.LUB/P2/M;1947;https://www.safesave.info/MIC.php?id=Fajar-MotorList1947
EMO002593;;"AC MOTOR;380V,50Hz,7.5kW,6P,160M,B3";Installed;PM3.T2.LUB/P1/M;1948;https://www.safesave.info/MIC.php?id=Fajar-MotorList1948
EMO000090;10021420;MOTOR AC,30KW,59A,4P,380V,ROTORNI;Installed;FIN3.RLHDLG/HP3-2B/M;1949;https://www.safesave.info/MIC.php?id=Fajar-MotorList1949
EMO002566;;MOTOR;Installed;FIN3.RLHDLG/HP3-2A/M;1950;https://www.safesave.info/MIC.php?id=Fajar-MotorList1950
EMO003369;;MOTOR;Installed;PM3.RH-14.FC1/M;1951;https://www.safesave.info/MIC.php?id=Fajar-MotorList1951
EMO003370;;MOTOR;Installed;PM3.RH-14.FC2/M;1952;https://www.safesave.info/MIC.php?id=Fajar-MotorList1952
EMO002565;;"AC MOTOR;380V,50Hz,7.5kW,6P,160M,B3";Installed;PM3.P1/HP3-1B/M;1953;https://www.safesave.info/MIC.php?id=Fajar-MotorList1953
EMO002564;;"AC MOTOR;380V,50Hz,7.5kW,6P,160M,B3";Installed;PM3.P1/HP3-1A/M;1954;https://www.safesave.info/MIC.php?id=Fajar-MotorList1954
EMO002626;;MOTOR;Installed;PM3.H-12;1955;https://www.safesave.info/MIC.php?id=Fajar-MotorList1955
EMO000229;10010807;"AC MOTOR;380V,50Hz,3.7kW,2P,112M,B3";Installed;PM3.H-11;1956;https://www.safesave.info/MIC.php?id=Fajar-MotorList1956
EMO002624;10010807;"AC MOTOR;380V,50Hz,3.7kW,2P,112M,B3";Installed;PM3.H-10;1957;https://www.safesave.info/MIC.php?id=Fajar-MotorList1957
EMO000774;10010807;"AC MOTOR;380V,50Hz,3.7kW,2P,112M,B3";Installed;PM3.H-09;1958;https://www.safesave.info/MIC.php?id=Fajar-MotorList1958
EMO001944;10010662;MOTOR,AEEB,TECO,110kw,50HZ,4P,380V;Installed;PM3.H-08;1959;https://www.safesave.info/MIC.php?id=Fajar-MotorList1959
EMO002620;10010653;MOTOR,AC,AEEB280M,TECO,110KW,205A,4P380V;Installed;PM3.H-07;1960;https://www.safesave.info/MIC.php?id=Fajar-MotorList1960
EMO002622;10010653;MOTOR,AC,AEEB280M,TECO,110KW,205A,4P380V;Installed;PM3.H-06;1961;https://www.safesave.info/MIC.php?id=Fajar-MotorList1961
EMO001855;10010665;"AC MOTOR;380V,50Hz,55kW,4P,250S,B3";Installed;PM3.H-05;1962;https://www.safesave.info/MIC.php?id=Fajar-MotorList1962
EMO000573;10010920;"AC MOTOR;380V,50Hz,37kW,4P,225S,B3";Installed;PM3.H-04/M;1963;https://www.safesave.info/MIC.php?id=Fajar-MotorList1963
EMO002617;;MOTOR;Installed;PM3.H-03;1964;https://www.safesave.info/MIC.php?id=Fajar-MotorList1964
EMO002616;;MOTOR;Installed;PM3.H-02;1965;https://www.safesave.info/MIC.php?id=Fajar-MotorList1965
EMO000990;10011059;"AC MOTOR;380V,50HZ,37KW,4P,B";Installed;PM3.H-01/M;1966;https://www.safesave.info/MIC.php?id=Fajar-MotorList1966
EMO002900;10011044;"AC MOTOR;380V,50Hz,45kW,4P,225M,B3";Installed;PM3.TRIM BLOWER 2/M;1967;https://www.safesave.info/MIC.php?id=Fajar-MotorList1967
EMO002883;;"MOTOR;7.5KW,15A";Installed;PM3.TRIM BLOWER 1/M;1968;https://www.safesave.info/MIC.php?id=Fajar-MotorList1968
EMO001044;;"AC MOTOR;380V,50Hz,55kW,4P,250M,B3";Installed;UTY.COM.MK.14/M;1969;https://www.safesave.info/MIC.php?id=Fajar-MotorList1969
EMO001043;;"MOTOR AC;55KW;104A;4P;380V;B";Installed;UTY.COM.MK.13/M;1970;https://www.safesave.info/MIC.php?id=Fajar-MotorList1970
EMO001042;;"MOTOR AC;75KW;139A;4P;380V;B";Installed;UTY.COM.MK.35/M;1971;https://www.safesave.info/MIC.php?id=Fajar-MotorList1971
EMO001041;;"MOTOR AC;75KW;139A;4P;380V;B";Installed;UTY.COM.MK.34/M;1972;https://www.safesave.info/MIC.php?id=Fajar-MotorList1972
EMO001040;;"MOTOR AC;75KW;139A;4P;380V;B";Installed;UTY.COM.MK.33/M;1973;https://www.safesave.info/MIC.php?id=Fajar-MotorList1973
EMO001039;;"MOTOR AC;75KW;139A;4P;380V;B";Installed;UTY.COM.MK.32/M;1974;https://www.safesave.info/MIC.php?id=Fajar-MotorList1974
EMO001038;;"AC MOTOR;380V,50Hz,75kW,4P,280S,B3";Installed;UTY.COM.MK.31/M;1975;https://www.safesave.info/MIC.php?id=Fajar-MotorList1975
EMO000951;10022242;"AC MOTOR;380V,50Hz,110kW,4P,315S,B3";Installed;PM3-BR09/P34/M;1976;https://www.safesave.info/MIC.php?id=Fajar-MotorList1976
EMO003512;10010712;"AC MOTOR;3000V,50Hz,300kW,6P,400AC,B3";Installed;PM3-BR09/AGT/M;1977;https://www.safesave.info/MIC.php?id=Fajar-MotorList1977
EMO000949;;"AC MOTOR;380V,50Hz,132kW,4P,315M,B3";Installed;PM3-BR08/P33/M;1978;https://www.safesave.info/MIC.php?id=Fajar-MotorList1978
EMO002931;10010708;"AC MOTOR;3000V,50HZ,300KW,6P,B";Installed;PM3-BR08/AGT/M;1979;https://www.safesave.info/MIC.php?id=Fajar-MotorList1979
EMO000947;;"AC MOTOR;380V,50Hz,110kW,4P,315S,B3";Installed;PM3-BR07/P32/M;1980;https://www.safesave.info/MIC.php?id=Fajar-MotorList1980
EMO000946;10010901;"AC MOTOR;380V,50HZ,45KW,6P,B";Installed;PM3-BR07/AGT2/M;1981;https://www.safesave.info/MIC.php?id=Fajar-MotorList1981
EMO000945;10010669;"AC MOTOR;380V,50HZ,75KW,6P,143A,B";Installed;PM3-BR07/AGT1/M;1982;https://www.safesave.info/MIC.php?id=Fajar-MotorList1982
EMO000944;10020524;"AC MOTOR;380V,50Hz,90kW,4P,280M,B3";Installed;PM3-BR06/P31/M;1983;https://www.safesave.info/MIC.php?id=Fajar-MotorList1983
EMO000942;10010669;"AC MOTOR;380V,50HZ,75KW,6P,143A,B";Installed;PM3-BR06/AGT/M;1984;https://www.safesave.info/MIC.php?id=Fajar-MotorList1984
EMO000274;;"AC MOTOR;380V,50Hz,7.5kW,4P,132M,B3";Installed;PM3-BR01/P47/M;1985;https://www.safesave.info/MIC.php?id=Fajar-MotorList1985
EMO000941;10011050;"AC MOTOR;380V,50HZ,110KW,6P,B";Installed;PM3-BR01/AGT/M;1986;https://www.safesave.info/MIC.php?id=Fajar-MotorList1986
EMO003499;10011112;"AC MOTOR;380V,50Hz,18.5kW,4P,180M,B3";Installed;SP3.C32/P40/M;1987;https://www.safesave.info/MIC.php?id=Fajar-MotorList1987
EMO002001;10010678;"AC MOTOR;380V,50Hz,22kW,4P,180L,B3";Installed;SP3.C32/P30/M;1988;https://www.safesave.info/MIC.php?id=Fajar-MotorList1988
EMO002648;10010923;"AC MOTOR;380V,50Hz,7.5kW,4P,132M,B3";Installed;SP3.C32/P29/M;1989;https://www.safesave.info/MIC.php?id=Fajar-MotorList1989
EMO002518;;"AC MOTOR;380V,50Hz,15kW,4P,160L,B3";Installed;SP3.C32/P6/M;1990;https://www.safesave.info/MIC.php?id=Fajar-MotorList1990
EMO000879;10010571;"AC MOTOR;380V,50HZ,30KW,6P,B";Installed;PM3.AP02/M;1991;https://www.safesave.info/MIC.php?id=Fajar-MotorList1991
EMO002859;10010617;MOTOR,AC,112M,ABB,3KW,6.5A,4P,380V;Installed;CH3.SUMPIT TANK/M;1992;https://www.safesave.info/MIC.php?id=Fajar-MotorList1992
EMO001049;;"AC MOTOR;380V,50Hz,22kW,4P,180L,B3";Installed;CH3.3CPHW03/M;1993;https://www.safesave.info/MIC.php?id=Fajar-MotorList1993
EMO001048;;MOTOR;Installed;CH3.3CPHW02/M;1994;https://www.safesave.info/MIC.php?id=Fajar-MotorList1994
EMO001047;;MOTOR;Installed;CH3.3CPHW01/M;1995;https://www.safesave.info/MIC.php?id=Fajar-MotorList1995
EMO003366;;MOTOR;Installed;CH3.C23.P/M;1996;https://www.safesave.info/MIC.php?id=Fajar-MotorList1996
EMO003364;;MOTOR;Installed;CH3.C21.P/M;1997;https://www.safesave.info/MIC.php?id=Fajar-MotorList1997
EMO000853;10010870;MOTOR,INDUCTION,5.5KW,11.2A,4P;Installed;CH3.C25.P2/M;1998;https://www.safesave.info/MIC.php?id=Fajar-MotorList1998
EMO001062;10010899;"AC MOTOR;380V,50Hz,11kW,4P,160M,B3";Installed;CH3.C25/M;1999;https://www.safesave.info/MIC.php?id=Fajar-MotorList1999
EMO002070;10011044;"AC MOTOR;380V,50Hz,45kW,4P,225M,B3";Installed;CH3.MC13/M;2000;https://www.safesave.info/MIC.php?id=Fajar-MotorList2000
EMO001058;;MOTOR;Installed;CH3.3C.DF01/M;2001;https://www.safesave.info/MIC.php?id=Fajar-MotorList2001
EMO001052;;"AC MOTOR;380V,50Hz,7.5kW,4P,132M,B5";Installed;CH3.C.27/M;2002;https://www.safesave.info/MIC.php?id=Fajar-MotorList2002
MGM000998;;"GR.MOTOR;7.5kW,i=3.07,SK672.1F-132MP,NOR";Installed;CH3.C.17/GM;2003;https://www.safesave.info/MIC.php?id=Fajar-MotorList2003
EMO001059;;"AC MOTOR;380V,50Hz,7.5kW,4P,160M,V1";Installed;CH3.MC.16/M;2004;https://www.safesave.info/MIC.php?id=Fajar-MotorList2004
EMO000431;10020815;"AC MOTOR;380V,50Hz,7.5kW,4P,132S,V1";Installed;CH3.3CSC01/M;2005;https://www.safesave.info/MIC.php?id=Fajar-MotorList2005
EMO001954;;"AC MOTOR;380V,50Hz,15kW,4P,160L,B3";Installed;CH3.CATIONIC PUMP/M;2006;https://www.safesave.info/MIC.php?id=Fajar-MotorList2006
EMO001057;;"AC MOTOR;380V,50Hz,3kW,4P,100L,B5";Installed;CH3.C06A/M;2007;https://www.safesave.info/MIC.php?id=Fajar-MotorList2007
EMO001056;;"AC MOTOR;380V,50Hz,3kW,4P,100L,B3";Installed;CH3.C06/M;2008;https://www.safesave.info/MIC.php?id=Fajar-MotorList2008
EMO001055;;"MOTOR;3.7kw;8.1A";Installed;CH3.MC01/M;2009;https://www.safesave.info/MIC.php?id=Fajar-MotorList2009
EMO005155;;"AC MOTOR;380V,50Hz,22kW,4P,180L,B3";Installed;SP3_DP_CN12/M;2010;https://www.safesave.info/MIC.php?id=Fajar-MotorList2010
EMO005156;;"AC MOTOR;380V,50Hz,45kW,4P,225M,B3";Installed;SP3_DP_CN13/M;2011;https://www.safesave.info/MIC.php?id=Fajar-MotorList2011
EMO005062;10035583;"AC MOTOR;3000V,50Hz,900kW,4P,400L,B3";Installed;SP3_DP_MD01/M;2012;https://www.safesave.info/MIC.php?id=Fajar-MotorList2012
EMO005063;10035583;"AC MOTOR;3000V,50Hz,900kW,4P,400L,B3";Installed;SP3_DP_MD02/M;2013;https://www.safesave.info/MIC.php?id=Fajar-MotorList2013
EMO005064;;"AC MOTOR;380V,50Hz,3kW,4P,100L,B5";Installed;SP3_DP_OU11/P/M;2014;https://www.safesave.info/MIC.php?id=Fajar-MotorList2014
EMO005065;;"AC MOTOR;380V,50Hz,3kW,4P,100L,B5";Installed;SP3_DP_OU12/P/M;2015;https://www.safesave.info/MIC.php?id=Fajar-MotorList2015
EMO005066;;"AC MOTOR;380V,50Hz,22kW,6P,200L,B3";Installed;SP3_DP_AP12/AGT/M;2016;https://www.safesave.info/MIC.php?id=Fajar-MotorList2016
EMO005067;;"AC MOTOR;380V,50Hz,22kW,6P,200L,B3";Installed;SP3_DP_AP13/AGT/M;2017;https://www.safesave.info/MIC.php?id=Fajar-MotorList2017
EMO005068;10035558;"AC MOTOR;380V,50Hz,315kW,8P,355L,B3";Installed;SP3_DP_PP15/5102P3/M;2018;https://www.safesave.info/MIC.php?id=Fajar-MotorList2018
EMO005070;;"AC MOTOR;380V,50Hz,3kW,4P,100L,B5";Installed;SP3_DP_PP15/FAN/M;2019;https://www.safesave.info/MIC.php?id=Fajar-MotorList2019
EMO005069;10035558;"AC MOTOR;380V,50Hz,315kW,8P,355L,B3";Installed;SP3_DP_PP16/5102P4/M;2020;https://www.safesave.info/MIC.php?id=Fajar-MotorList2020
EMO005071;;"AC MOTOR;380V,50Hz,3kW,4P,100L,B5";Installed;SP3_DP_PP16/FAN/M;2021;https://www.safesave.info/MIC.php?id=Fajar-MotorList2021
MGM000948;10034853;"GR.MOTOR;11kW,i=56.64,Z149-LE160MF4E,FLE";Installed;SP3.DP.CN14/RJC1/GM;2022;https://www.safesave.info/MIC.php?id=Fajar-MotorList2022
MGM000945;10034854;"GR.MOTOR;22kW,i=57.63,D169-LES180ZLJ4E,F";Installed;SP3.DP.CN15/RJC2/GM;2023;https://www.safesave.info/MIC.php?id=Fajar-MotorList2023
MGM000946;10034853;"GR.MOTOR;11kW,i=56.64,Z149-LE160MF4E,FLE";Installed;SP3.DP.CN16/RJC3/GM;2024;https://www.safesave.info/MIC.php?id=Fajar-MotorList2024
MGM000950;10034853;"GR.MOTOR;11kW,i=56.64,Z149-LE160MF4E,FLE";Installed;SP3.DP.CN17/RJC4/GM;2025;https://www.safesave.info/MIC.php?id=Fajar-MotorList2025
EMO005072;10035729;"AC MOTOR;380V,50Hz,55kW,4P,250M,B3";Installed;SP3.DP1.LRC1/COMPACTOR1/M;2026;https://www.safesave.info/MIC.php?id=Fajar-MotorList2026
EMO005074;;"AC MOTOR;380V,50Hz,0.55kW,4P,80M,B5";Installed;SP3.DP1.LRC1/COMPACTOR1/FAN/M;2027;https://www.safesave.info/MIC.php?id=Fajar-MotorList2027
EMO005073;10035729;"AC MOTOR;380V,50Hz,55kW,4P,250M,B3";Installed;SP3.DP1.LRC2/COMPACTOR2/M;2028;https://www.safesave.info/MIC.php?id=Fajar-MotorList2028
EMO005075;;"AC MOTOR;380V,50Hz,0.55kW,4P,80M,B5";Installed;SP3.DP1.LRC2/COMPACTOR2/FAN/M;2029;https://www.safesave.info/MIC.php?id=Fajar-MotorList2029
EMO005076;;"AC MOTOR;380V,50Hz,1.5kW,4P,90L,V1";Installed;SP3_LRC_HD10/HYD_COMPACTOR/M;2030;https://www.safesave.info/MIC.php?id=Fajar-MotorList2030
EMO005077;;"AC MOTOR;380V,50Hz,1.5kW,4P,90L,V1";Installed;SP3_LRC_HD11/HYD_COMPACTOR/M;2031;https://www.safesave.info/MIC.php?id=Fajar-MotorList2031
EMO005078;10036932;"AC MOTOR;380V,50Hz,90kW,4P,280M,V5";Installed;SP3.OCC.SR19/TC(S)/M;2032;https://www.safesave.info/MIC.php?id=Fajar-MotorList2032
EMO005079;10036932;"AC MOTOR;380V,50Hz,90kW,4P,280M,V5";Installed;SP3.OCC.SR20/TC(S)/M;2033;https://www.safesave.info/MIC.php?id=Fajar-MotorList2033
MGM001050;;"GR.MOTOR;2.2kW,i=2.595,K86 DV/12,SEW";Installed;SP3.SP.33/GM/KNIFE;2034;https://www.safesave.info/MIC.php?id=Fajar-MotorList2034
EMO005088;;"AC MOTOR;380V,50Hz,0.55kW,4P,80M,B5";Installed;SP3.RJ07/M;2035;https://www.safesave.info/MIC.php?id=Fajar-MotorList2035
EMO004955;;"AC MOTOR;380V,50Hz,11kW,4P,160M,B3";Installed;SP3.C24/P51/M;2036;https://www.safesave.info/MIC.php?id=Fajar-MotorList2036
EMO003883;;"AC MOTOR;380V,50Hz,132kW,4P,315M,B3";Installed;SP3.C8/P16/M;2037;https://www.safesave.info/MIC.php?id=Fajar-MotorList2037
EMO003892;;"AC MOTOR;380V,50Hz,45kW,4P,225S,B3";Installed;PM3-BR06/P46/M;2038;https://www.safesave.info/MIC.php?id=Fajar-MotorList2038
EMO005154;;"AC MOTOR;380V,50Hz,55kW,4P,250M,B3";Installed;SP3.P-DP-1/M;2039;https://www.safesave.info/MIC.php?id=Fajar-MotorList2039
EMO005083;;"AC MOTOR;380V,50Hz,37kW,4P,225S,B3";Installed;SP3.OCC.T112.P196/P/M;2040;https://www.safesave.info/MIC.php?id=Fajar-MotorList2040
EMO005084;;"AC MOTOR;380V,50Hz,37kW,4P,225S,B3";Installed;SP3.OCC.T112.P197/P/M;2041;https://www.safesave.info/MIC.php?id=Fajar-MotorList2041
EMO003540;;"AC MOTOR;3000V,50Hz,300kW,6P,400AC,B3";Installed;PM3.VP10/M;2042;https://www.safesave.info/MIC.php?id=Fajar-MotorList2042
EMO002088;10020927;"AC MOTOR;380V,50Hz,22kW,6P,200L,B3";Installed;SP3.C11/AGT11/M;2043;https://www.safesave.info/MIC.php?id=Fajar-MotorList2043
EMO002045;10010890;"AC MOTOR;380V,50Hz,5.5kW,4P,132S,B3";Installed;SP3.PUL2.P4/M;2044;https://www.safesave.info/MIC.php?id=Fajar-MotorList2044
EMO003309;10010590;"AC MOTOR;380V,50Hz,7.5kW,6P,160M,B3";Installed;PM3.T2.LUB/P2/M;2045;https://www.safesave.info/MIC.php?id=Fajar-MotorList2045
EMO003218;;MOTOR,R.73WD100L-6-2,0,75/1,6KW,2,4/4,3A;Installed;PM3.REW.MOVEMENT.MOTOR/M;2046;https://www.safesave.info/MIC.php?id=Fajar-MotorList2046
EMO002807;;Core Chuck TS Motor;Installed;PM3.REW.CH.CORE TS/M;2047;https://www.safesave.info/MIC.php?id=Fajar-MotorList2047
EMO002834;;Core Chuck DS Motor;Installed;PM3.REW.CH.CORE DS/M;2048;https://www.safesave.info/MIC.php?id=Fajar-MotorList2048
EMO002938;;"AC MOTOR;380V,50Hz,3kW,2P,100L,B3";Installed;PM3.MSN.CORE CUTTER/VB/M;2049;https://www.safesave.info/MIC.php?id=Fajar-MotorList2049
EMO002918;10010656;"AC MOTOR;380V,50Hz,130kW,6P,315M,B3";Installed;PM3.AP01/M;2050;https://www.safesave.info/MIC.php?id=Fajar-MotorList2050
EMO004984;;"AC MOTOR;380V,50Hz,22kW,4P,180L,B3";Installed;PM3.AP03/M;2051;https://www.safesave.info/MIC.php?id=Fajar-MotorList2051
EMO003961;;"AC MOTOR;420V,50Hz,4500kW,6P,400H,B3";Installed;SP3.C31/P27/M;2052;https://www.safesave.info/MIC.php?id=Fajar-MotorList2052
EMO001053;;"AC MOTOR;380V,50Hz,11kW,2P,160M,B3";Installed;CH3.C03/M;2053;https://www.safesave.info/MIC.php?id=Fajar-MotorList2053
EMO000915;;"AC MOTOR;380V,50Hz,11kW,4P,160M,B3";Installed;SP3.C26/P53/M;2054;https://www.safesave.info/MIC.php?id=Fajar-MotorList2054
EMO000904;;"AC MOTOR;380V,50Hz,11kW,4P,160M,B3";Installed;SP3.C18/P83/M;2055;https://www.safesave.info/MIC.php?id=Fajar-MotorList2055
MGM000123;;GEARMOTOR,45KW;Installed;CH3.CAT.MIXING TANK/MGM;2056;https://www.safesave.info/MIC.php?id=Fajar-MotorList2056
EMO003938;;"AC MOTOR;380V,50Hz,1.5kW,4P,90l,B3";Installed;PM3.HYD.MCL/P195/M;2057;https://www.safesave.info/MIC.php?id=Fajar-MotorList2057
EMO003937;;"AC MOTOR;380V,50Hz,11kW,4P,160M,B3";Installed;PM3.HYD.MCL/P194/M;2058;https://www.safesave.info/MIC.php?id=Fajar-MotorList2058
EMO003467;10025880;MOTOR,AC,IDF-CHK11,TOSHIBA,225KW,400A,6P;Installed;PM3.REW.FR/GB/M;2059;https://www.safesave.info/MIC.php?id=Fajar-MotorList2059
EMO003468;10025880;MOTOR,AC,IDF-CHK11,TOSHIBA,225KW,400A,6P;Installed;PM3.REW.RER/GB/M;2060;https://www.safesave.info/MIC.php?id=Fajar-MotorList2060
EMO002672;;"AC MOTOR;380V,50Hz,263kW,6P,B3";Installed;PM3.REW.UNW/M;2061;https://www.safesave.info/MIC.php?id=Fajar-MotorList2061
EMO002796;;"AC MOTOR;380V,50Hz,3.7kW,4P";Installed;PM3.REW.UNW/M/BLW/M;2062;https://www.safesave.info/MIC.php?id=Fajar-MotorList2062
EMO001026;;"DC MOTOR;460V,40Hz,150kW,240A,3PHASE";Installed;PM3.G1.GB/M;2063;https://www.safesave.info/MIC.php?id=Fajar-MotorList2063
MGM000800;;"GR.MOTOR;0.37kW,i=200,PL32-0400-200S3,TU";Installed;PM3.G1.DYC2.DR/GM;2064;https://www.safesave.info/MIC.php?id=Fajar-MotorList2064
MGM000619;;GEAR MOTOR;Installed;PM3.G1.DYC8.DR/GM;2065;https://www.safesave.info/MIC.php?id=Fajar-MotorList2065
EMO003459;;"DC MOTOR;460V,60Hz,220kW,355A,3PHASE";Installed;PM3.G2.GB/M;2066;https://www.safesave.info/MIC.php?id=Fajar-MotorList2066
MGM000653;;GEAR MOTOR;Installed;PM3.DRY.GRP2.SW(O)2/GM;2067;https://www.safesave.info/MIC.php?id=Fajar-MotorList2067
MGM000620;;GEAR MOTOR;Installed;PM3.G2.DYC10.DR/GM;2068;https://www.safesave.info/MIC.php?id=Fajar-MotorList2068
MGM000621;;GEAR MOTOR;Installed;PM3.G2.DYC12.DR/GM;2069;https://www.safesave.info/MIC.php?id=Fajar-MotorList2069
MGM000622;;GEAR MOTOR;Installed;PM3.G2.DYC14.DR/GM;2070;https://www.safesave.info/MIC.php?id=Fajar-MotorList2070
EMO001028;;"MOTOR;375KW,583A";Installed;PM3.G3.GB/M;2071;https://www.safesave.info/MIC.php?id=Fajar-MotorList2071
MGM000625;;GEAR MOTOR;Installed;PM3.G3.DYC22.DR/GM;2072;https://www.safesave.info/MIC.php?id=Fajar-MotorList2072
MGM000626;;GEAR MOTOR;Installed;PM3.G3.DYC23.DR/GM;2073;https://www.safesave.info/MIC.php?id=Fajar-MotorList2073
MGM000888;;"GR.MOTOR;0.4kW,i=200,PL32-0400-200S3,TUN";Installed;PM3.G3.DYC24/DR/GM;2074;https://www.safesave.info/MIC.php?id=Fajar-MotorList2074
MGM000627;;GEAR MOTOR;Installed;PM3.G3.DYC25.DR/GM;2075;https://www.safesave.info/MIC.php?id=Fajar-MotorList2075
MGM000628;;GEAR MOTOR;Installed;PM3.G3.DYC33.DR/GM;2076;https://www.safesave.info/MIC.php?id=Fajar-MotorList2076
MGM000629;;GEAR MOTOR;Installed;PM3.G3.DYC34.DR/GM;2077;https://www.safesave.info/MIC.php?id=Fajar-MotorList2077
EMO001029;;"MOTOR;375KW,583A";Installed;PM3.G4.GB/M;2078;https://www.safesave.info/MIC.php?id=Fajar-MotorList2078
MGM000630;;GEAR MOTOR;Installed;PM3.G4.DYC35.DR/GM;2079;https://www.safesave.info/MIC.php?id=Fajar-MotorList2079
EMO001032;;MOTOR,L2882Z,RELIANCE,75KW,124A,460V;Installed;PM3.G5.GB/M;2080;https://www.safesave.info/MIC.php?id=Fajar-MotorList2080
EMO003365;;MOTOR;Installed;CH3.C22.P/M;2081;https://www.safesave.info/MIC.php?id=Fajar-MotorList2081
MGM000632;;GEAR MOTOR;Installed;PM3.G5.DYC50.DR/GM;2082;https://www.safesave.info/MIC.php?id=Fajar-MotorList2082
EMO001033;;"MOTOR;150KW,240A";Installed;PM3.G6.GB/M;2083;https://www.safesave.info/MIC.php?id=Fajar-MotorList2083
MGM000633;;GEAR MOTOR;Installed;PM3.G6.DYC51.DR/GM;2084;https://www.safesave.info/MIC.php?id=Fajar-MotorList2084
MGM000634;;GEAR MOTOR;Installed;PM3.G6.DYC52.DR/GM;2085;https://www.safesave.info/MIC.php?id=Fajar-MotorList2085
MGM000635;;GEAR MOTOR;Installed;PM3.G6.DYC53.DR/GM;2086;https://www.safesave.info/MIC.php?id=Fajar-MotorList2086
EMO001034;;"MOTOR;130KW,240A";Installed;PM3.G7.GB/M;2087;https://www.safesave.info/MIC.php?id=Fajar-MotorList2087
MGM000991;;"GR.MOTOR;0.37kW,i=200,PL32-0400-200S3,TU";Installed;PM3.G7.DYC59.DR/GM;2088;https://www.safesave.info/MIC.php?id=Fajar-MotorList2088
MGM000637;;GEAR MOTOR;Installed;PM3.G7.DYC61.DR/GM;2089;https://www.safesave.info/MIC.php?id=Fajar-MotorList2089
EMO001035;;"MOTOR;150KW,240A";Installed;PM3.G8.GB/M;2090;https://www.safesave.info/MIC.php?id=Fajar-MotorList2090
MGM000638;;GEAR MOTOR;Installed;PM3.G8.DYC67.DR/GM;2091;https://www.safesave.info/MIC.php?id=Fajar-MotorList2091
MGM000640;;GEAR MOTOR;Installed;PM3.G8.DYC68.DR/GM;2092;https://www.safesave.info/MIC.php?id=Fajar-MotorList2092
EMO002837;;"MOTOR;7.5KW,14A";Installed;PM3.SP.ER/M;2093;https://www.safesave.info/MIC.php?id=Fajar-MotorList2093
EMO001031;;MOTOR,L2882Z,RELIANCE,75KW,124A,460V;Installed;PM3.SP.R(BT)/GB/M;2094;https://www.safesave.info/MIC.php?id=Fajar-MotorList2094
EMO001030;;"MOTOR;110KW,180A";Installed;PM3.SP.R(TP)/GB/M;2095;https://www.safesave.info/MIC.php?id=Fajar-MotorList2095
MGM000497;;"GEAR MOTOR;0.55KW";Installed;PM3.SP.R(TP)DR/GM;2096;https://www.safesave.info/MIC.php?id=Fajar-MotorList2096
EMO002969;;MOTOR,AC,M2AA200MB4,ABB,37KW,71A,4P,380V;Installed;PM3-HOO-BL15-M;2097;https://www.safesave.info/MIC.php?id=Fajar-MotorList2097
EMO001037;;"MOTOR;110KW,180A";Installed;PM3.PPR.CYL/GB/M;2098;https://www.safesave.info/MIC.php?id=Fajar-MotorList2098
EMO003934;;"AC MOTOR;380V,50Hz,11kW,4P,160M,B3";Installed;PM3.PPR.ER/M;2099;https://www.safesave.info/MIC.php?id=Fajar-MotorList2099
MGM000481;;"GR.MOTOR;5.5kW,i=165,CHHM86195DBB165,CYC";Installed;PM3.REEL.PRAR/GM;2100;https://www.safesave.info/MIC.php?id=Fajar-MotorList2100
MGM000475;;"GR.MOTOR;0.4kW,i=200,PL32-0400-200S3,TUN";Installed;PM3.FDN.BR/DO/GM;2101;https://www.safesave.info/MIC.php?id=Fajar-MotorList2101
EMO001023;;"AC MOTOR;380V,50Hz,530kW,4P,5012Z,B3";Installed;PM3.FDN.DR/GB/M;2102;https://www.safesave.info/MIC.php?id=Fajar-MotorList2102
EMO001017;;"MOTOR;475KW,813A";Installed;PM3.FDN.SCR/GB/M;2103;https://www.safesave.info/MIC.php?id=Fajar-MotorList2103
EMO001025;;"AC MOTOR;460V,60Hz,375kW,4P";Installed;PM3.P1.PSR(BT)/GB/M;2104;https://www.safesave.info/MIC.php?id=Fajar-MotorList2104
EMO001019;;"MOTOR;220KW,355A";Installed;PM3.P1.PSR(TP)/GB/M;2105;https://www.safesave.info/MIC.php?id=Fajar-MotorList2105
EMO000828;;"DC MOTOR;460V,40Hz,150kW,240A,3PHASE";Installed;PM3.P1.PUR/GB/M;2106;https://www.safesave.info/MIC.php?id=Fajar-MotorList2106
MGM000744;;"GR.MOTOR;0.4kW,i=200,PL32-0400-200S3,TUN";Installed;PM3.P2.FR1/GM;2107;https://www.safesave.info/MIC.php?id=Fajar-MotorList2107
EMO001408;;"AC MOTOR;380V,50Hz,530kW,4P,5012Z,B3";Installed;PM3.P2.PSR(BT)/GB/M;2108;https://www.safesave.info/MIC.php?id=Fajar-MotorList2108
EMO001022;;"MOTOR;375KW,583A";Installed;PM3.P2.PSR(TP)/GB/M;2109;https://www.safesave.info/MIC.php?id=Fajar-MotorList2109
EMO000825;;"DC MOTOR;460V,75KW,124A";Installed;PM3.P2.FR(S)/GB/M;2110;https://www.safesave.info/MIC.php?id=Fajar-MotorList2110
MPU000867;10016175;PUMP,CR3-31A-FGJ-A-E HQQE,GRUNDFOS,3KW;Installed;PM3.P-FM-12;2111;https://www.safesave.info/MIC.php?id=Fajar-MotorList2111
MPU001299;10016175;PUMP,CR3-31A-FGJ-A-E HQQE,GRUNDFOS,3KW;Installed;PM3.P-FM-11;2112;https://www.safesave.info/MIC.php?id=Fajar-MotorList2112
MFB000095;10016348;"VACUUM BLOWER;G2002BH19437GH47,G DENVER";Installed;PM3-MCL-VF1;2113;https://www.safesave.info/MIC.php?id=Fajar-MotorList2113
EMO004877;10026633;MOTOR,SERVO,RML 14CA,KMF, 908-00006;Installed;PM3.MCL.BEAM3.BTM/M;2114;https://www.safesave.info/MIC.php?id=Fajar-MotorList2114
EMO004876;10026633;MOTOR,SERVO,RML 14CA,KMF, 908-00006;Installed;PM3.MCL.BEAM2.TOP/M;2115;https://www.safesave.info/MIC.php?id=Fajar-MotorList2115
EMO004875;10026633;MOTOR,SERVO,RML 14CA,KMF, 908-00006;Installed;PM3.MCL.BEAM1/M;2116;https://www.safesave.info/MIC.php?id=Fajar-MotorList2116
EMO002601;10010936;MOTOR,MF13ZA106,KONE,15KW,33A,2P,380V;Installed;SP3.CRN.KO.16T.A/M;2117;https://www.safesave.info/MIC.php?id=Fajar-MotorList2117
EMO003225;10010936;"AC MOTOR;380V,50HZ,15KW,31A,2P";Installed;SP3.CRN.KO.16T.B/M;2118;https://www.safesave.info/MIC.php?id=Fajar-MotorList2118
MGM000222;;"CRANE MOTOR;380V,0.45/0.11kW,1.7/0.9A";Installed;SP3.CRN.KO.16T.A/CT/M2;2119;https://www.safesave.info/MIC.php?id=Fajar-MotorList2119
MGM000223;;"CRANE MOTOR;380V,0.45/0.11kW,1.7/0.9A";Installed;SP3.CRN.KO.16T.B/CT/M2;2120;https://www.safesave.info/MIC.php?id=Fajar-MotorList2120
MGM000221;;MOTOR,KONE,2.2KW/0.55KW,5.6A/2.3A,2P/10P;Installed;SP3.CRN.KO.2X16T.LT1/GM;2121;https://www.safesave.info/MIC.php?id=Fajar-MotorList2121
MGM000652;;MOTOR,KONE,2.2KW/0.55KW,5.6A/2.3A,2P/10P;Installed;SP3.CRN.KO.2X16T.LT2/GM;2122;https://www.safesave.info/MIC.php?id=Fajar-MotorList2122
EMO003529;10010937;MOTOR,MF16Z-106N,KONE,30KW,57A;Installed;FIN3.CRN.KO.30T.B/M;2123;https://www.safesave.info/MIC.php?id=Fajar-MotorList2123
EMO002604;;MOTOR;Installed;PM3.CRN.KO.60T.B/M;2124;https://www.safesave.info/MIC.php?id=Fajar-MotorList2124
EMO003820;10010937;MOTOR,MF16Z-106N,KONE,30KW,57A;Installed;PM3.CRN.KO.30T.C/M;2125;https://www.safesave.info/MIC.php?id=Fajar-MotorList2125
EMO003168;10010932;"CRANE MOTOR;MF07ZC104-138030045TK,KONE";Installed;PM3.CRN.KO.30T.A/CT/M;2126;https://www.safesave.info/MIC.php?id=Fajar-MotorList2126
MGM000227;;"CRANE MOTOR;MF07ZC104-138030045TK,KONE";Installed;PM3.CRN.KO.30T.B/CT/M;2127;https://www.safesave.info/MIC.php?id=Fajar-MotorList2127
MGM000228;;"CRANE MOTOR;MF07ZC104-138030045TK,KONE";Installed;PM3.CRN.KO.30T.C/CT/M;2128;https://www.safesave.info/MIC.php?id=Fajar-MotorList2128
MGM000224;;GEARMOTOR LONG TRAVEL 1;Installed;PM3.CRN.KO.30-60-30T/LT1/GM;2129;https://www.safesave.info/MIC.php?id=Fajar-MotorList2129
EMO003874;10010935;"CRANE MOTOR;MF13M-208-13901003,3.7KW,8.5";Installed;PM3.CRN.KO.30-60-30T/LT2/M;2130;https://www.safesave.info/MIC.php?id=Fajar-MotorList2130
EMO002605;10010937;"AC MOTOR;380V,50HZ,30kW,4P";Installed;FIN3.CRN.KO.30T.A/M;2131;https://www.safesave.info/MIC.php?id=Fajar-MotorList2131
EMO002603;10010937;MOTOR,MF16Z-106N,KONE,30KW,57A;Installed;FIN3.CRN.KO.30T.B/M;2132;https://www.safesave.info/MIC.php?id=Fajar-MotorList2132
MGM000231;;GEARMOTOR CROSS TRAVEL 1;Installed;FIN3.CRN.KO.30T.A/CT/GM;2133;https://www.safesave.info/MIC.php?id=Fajar-MotorList2133
EMO001703;10010933;MOTOR,MF09LB104-132030066TK,KONE,1,3/0,3;Installed;PM3.PMA.CRN3-XTR2/M;2134;https://www.safesave.info/MIC.php?id=Fajar-MotorList2134
EMO003867;10010879;"CRANE MOTOR;380V,50Hz,3.7kW,8.5A";Installed;FIN3.CRN.KO.2X30T/LT2/GM/M;2135;https://www.safesave.info/MIC.php?id=Fajar-MotorList2135
MGM000324;;GEARMOTOR;Installed;PM3.RH-03/GM;2136;https://www.safesave.info/MIC.php?id=Fajar-MotorList2136
MGM000326;;GEARMOTOR;Installed;PM3.RH-05/GM;2137;https://www.safesave.info/MIC.php?id=Fajar-MotorList2137
MGM000327;;GEARMOTOR;Installed;PM3.RH-06/GM;2138;https://www.safesave.info/MIC.php?id=Fajar-MotorList2138
MGM000328;;GEARMOTOR;Installed;PM3.RH-07/GM;2139;https://www.safesave.info/MIC.php?id=Fajar-MotorList2139
EMO003955;;"AC MOTOR;380V,50Hz,3kW,4P,100L,B5";Installed;PM3.RH-08/GM/M;2140;https://www.safesave.info/MIC.php?id=Fajar-MotorList2140
MGM000331;;GEARMOTOR;Installed;PM3.RH-10/GM;2141;https://www.safesave.info/MIC.php?id=Fajar-MotorList2141
MGM000346;;GEARMOTOR;Installed;PM3.RH-11/GM;2142;https://www.safesave.info/MIC.php?id=Fajar-MotorList2142
EMO005162;;"DC MOTOR;24V,118W,6.5A,B-S1-IP54,GEFECNE";Installed;PM3.RHD.STRP/M_STRAP_FEED;2143;https://www.safesave.info/MIC.php?id=Fajar-MotorList2143
EMO005163;;"DC MOTOR;24V,118W,6.5A,B-S1-IP54,GEFECNE";Installed;PM3.RHD.STRP/M_TENSION;2144;https://www.safesave.info/MIC.php?id=Fajar-MotorList2144
EMO005164;;"DC MOTOR;24V,118W,6.5A,B-S1-IP54,GEFECNE";Installed;PM3.RHD.STRP/M_CUT_DIE;2145;https://www.safesave.info/MIC.php?id=Fajar-MotorList2145
MGM000734;;"GR.MOTOR;0.4kW,i=200,PL32-0400-200S3,TUN";Installed;PM3.G2.DYC16.DR/GM;2146;https://www.safesave.info/MIC.php?id=Fajar-MotorList2146
MGM000780;;"GR.MOTOR;0.4kW,i=200,PL32-0400-200S3,TUN";Installed;PM3.G2.DYC18.DR/GM;2147;https://www.safesave.info/MIC.php?id=Fajar-MotorList2147
MGM000330;;GEARMOTOR RH09;Installed;PM3.RH-09/GM;2148;https://www.safesave.info/MIC.php?id=Fajar-MotorList2148
MGB000450;10010879;GEAR BOX,GM 8A-56, U/CRANE 2X30T;Installed;FIN3.CRN.KO.2X30T/LT1/GM;2149;https://www.safesave.info/MIC.php?id=Fajar-MotorList2149
EMO005243;10022957;"AC MOTOR;380V,50Hz,4kW,4P,112M,B3";Available;PM3.RWD/BLW(VACUUM)/M;2150;https://www.safesave.info/MIC.php?id=Fajar-MotorList2150
;;;;;;
;;;;;;
;;;;;;
;;;;;;
;;;;;;
;;;;;;
;;;;;;
;;;;;;
;;;;;;
;;;;;;
;;;;;;
;;;;;;
;;;;;;
;;;;;;
;;;;;;
;;;;;;
;;;;;;
;;;;;;
;;;;;;
;;;;;;
;;;;;;
;;;;;;
;;;;;;
;;;;;;
;;;;;;
;;;;;;
;;;;;;
;;;;;;
;;;;;;
;;;;;;
;;;;;;
;;;;;;
;;;;;;
;;;;;;
;;;;;;
;;;;;;
;;;;;;
;;;;;;
;;;;;;
;;;;;;
;;;;;;
;;;;;;
;;;;;;
;;;;;;
;;;;;;
;;;;;;
;;;;;;
;;;;;;
;;;;;;
;;;;;;
;;;;;;
;;;;;;
;;;;;;
;;;;;;
;;;;;;
;;;;;;
;;;;;;
;;;;;;
;;;;;;
;;;;;;
;;;;;;
;;;;;;
;;;;;;
;;;;;;
;;;;;;
;;;;;;
;;;;;;
;;;;;;
;;;;;;
;;;;;;
;;;;;;
;;;;;;
;;;;;;
;;;;;;
;;;;;;
;;;;;;
;;;;;;
;;;;;;
;;;;;;
;;;;;;
;;;;;;
;;;;;;
;;;;;;
;;;;;;
;;;;;;
;;;;;;
;;;;;;
;;;;;;
;;;;;;
;;;;;;
;;;;;;
;;;;;;
;;;;;;
;;;;;;
;;;;;;
;;;;;;
;;;;;;
;;;;;;
;;;;;;
;;;;;;
;;;;;;
;;;;;;
;;;;;;
;;;;;;
;;;;;;
;;;;;;
;;;;;;
;;;;;;
;;;;;;
;;;;;;
;;;;;;
;;;;;;
;;;;;;
;;;;;;
;;;;;;
;;;;;;
;;;;;;
;;;;;;
;;;;;;
;;;;;;
;;;;;;
;;;;;;
;;;;;;
;;;;;;
;;;;;;
;;;;;;
;;;;;;
;;;;;;
;;;;;;
;;;;;;
;;;;;;
;;;;;;
;;;;;;
;;;;;;
;;;;;;
;;;;;;
;;;;;;
;;;;;;
;;;;;;
;;;;;;
;;;;;;
;;;;;;
;;;;;;
;;;;;;
;;;;;;
;;;;;;
