id;emo;tag_name
FP-01-SP3-WRS-T028-P042;EMO003495;SP3.C29/P76/M
FP-01-SP3-RJS-T092-P094;EMO003124;SP3.P71A/M
FP-01-SP3-RJS-T092-P093;EMO000226;SP3.P71/M
FP-01-SP3-RJS-T092-P092;EMO000426;SP3.P.70/M
FP-01-SP3-RJS-T029-P043;EMO000922;SP3.C30/P43/M
FP-01-SP3-RJS-T019-P033;EMO000908;SP3.C20/P41/M
FP-01-SP3-RJS-T019-A015;EMO000907;SP3.C20/AGT20/M
FP-01-SP3-RJS-T018-P032;EMO000906;SP3.C19/P77/M
FP-01-SP3-RJS-T018-P031;EMO000905;SP3.C19/P45/M
FP-01-SP3-RJS-T017-P029;EMO000903;SP3.C18/P78/M
FP-01-SP3-RJS-RU02;EMO000024;SP3.RJ03A/M
FP-01-SP3-RJS-RU01;EMO002712;SP3.RJ06/GB/M
FP-01-SP3-OCC-TH08-P077;EMO002799;SP3.P042/M
FP-01-SP3-OCC-TH08;EMO000998;SP3.RJ04/GB1/M
FP-01-SP3-OCC-TH08;EMO000999;SP3.RJ04/GB2/M
FP-01-SP3-OCC-TH07;EMO000620;SP3.RJ03/GB/M
FP-01-SP3-OCC-TH05;EMO000995;SP3.SP.26/GB1/M
FP-01-SP3-OCC-TH04;EMO000061;SP3.SP.25/GB1/M
FP-01-SP3-OCC-TH03;EMO000992;SP3.SP.32/GB1/M
FP-01-SP3-OCC-TH03;EMO000993;SP3.SP.32/GB2/M
FP-01-SP3-OCC-TH02;EMO000991;SP3.SP.31A/GB2/M
FP-01-SP3-OCC-TH02;EMO003928;SP3.SP.31A/GB1/M
FP-01-SP3-OCC-TH02;EMO003472;SP3.SP31B/M
FP-01-SP3-OCC-TH02;EMO003473;SP3.SP31C
FP-01-SP3-OCC-TH01;EMO003835;SP3.SP.31/GB1/M
FP-01-SP3-OCC-T044-P067;EMO000953;SP3.SP.31C/M
FP-01-SP3-OCC-T043-VP10;EMO000952;SP3-SP-31B/M
FP-01-SP3-OCC-T032-P051;EMO001641;SP3-RJ05-C/M
FP-01-SP3-OCC-T032-P050;EMO000929;SP3.C33/P56/M
FP-01-SP3-OCC-T032-P049;EMO005229;SP3.C33/P86/M
FP-01-SP3-OCC-T016-P027;EMO000901;SP3.C16/P24/M
FP-01-SP3-OCC-T016-A014;EMO000900;SP3.C16/AGT16/M
FP-01-SP3-OCC-T015-P026;EMO000899;SP3.C15/P22/M
FP-01-SP3-OCC-T015-A013;EMO000898;SP3.C15/AGT15/M
FP-01-SP3-OCC-T014-P025;EMO000897;SP3.C14/P23/M
FP-01-SP3-OCC-T014-A012;EMO000127;SP3.C14/AGT14/M
FP-01-SP3-OCC-T012-P022;EMO000893;SP3.C12/P50/M
FP-01-SP3-OCC-T012-P021;EMO000892;SP3.C12/P49A/M
FP-01-SP3-OCC-T012-P020;EMO000891;SP3.C12/P49/M
FP-01-SP3-OCC-T011-P019;EMO000093;SP3.C11/P21/M
FP-01-SP3-OCC-T010-P018;EMO000888;SP3.C10/P20/M
FP-01-SP3-OCC-T010-A010;EMO003668;SP3.C10/AGT10/M
FP-01-SP3-OCC-T009-P017;EMO002007;SP3.C9/P19/M
FP-01-SP3-OCC-T008-P016;EMO000457;SP3.C8/P18/M
FP-01-SP3-OCC-T008-P015;EMO000884;SP3.C8/P17/M
FP-01-SP3-OCC-T008-P013;EMO000882;SP3.C8/P15/M
FP-01-SP3-OCC-T007-P012;EMO000880;SP3.C7/P12/M
FP-01-SP3-OCC-T007-A009;EMO000881;SP3.C7/AGT7/M
FP-01-SP3-OCC-T006-P011;EMO003404;SP3.C6/P48/M
FP-01-SP3-OCC-T006-A008;EMO000878;SP3.C6/AGT6/M
FP-01-SP3-OCC-T005-P010;EMO000877;SP3.C5/P10/M
FP-01-SP3-OCC-T005-A007;EMO000865;SP3.C5/AGT5/M
FP-01-SP3-OCC-T004-P009;EMO000875;SP3.P-09/M
FP-01-SP3-OCC-T004-P008;EMO002906;SP3.C4/P13/M
FP-01-SP3-OCC-T004-A006;EMO000873;SP3.C4/AGT4B/M
FP-01-SP3-OCC-T004-A005;EMO000872;SP3.C4/AGT4A/M
FP-01-SP3-OCC-T003-P007;EMO000874;SP3.P-14/M
FP-01-SP3-OCC-T003-A004;EMO000870;SP3.C3/AGT3B/M
FP-01-SP3-OCC-T003-A003;EMO000869;SP3.C3/AGT3A/M
FP-01-SP3-OCC-T002-P006;EMO001941;SP3.C2/P8/M
FP-01-SP3-OCC-T002-A002;EMO003966;SP3.OCC.M
FP-01-SP3-OCC-T001-P005;EMO001629;SP3.C1/P7/M
AVLB;EMO000204;SP3.C1/AGT1/M
FP-01-SP3-OCC-SR09;EMO003132;SP3.RJ01/M
FP-01-SP3-OCC-SR08;EMO002923;SP3.SP.30/M
FP-01-SP3-OCC-SR07;EMO000977;SP3.SP.29/M
FP-01-SP3-OCC-SR05;EMO000975;SP3.SP.27/M
FP-01-SP3-OCC-SR04;EMO001011;SP3.SP.21/M
FP-01-SP3-OCC-SR03;EMO000972;SP3.SP.22/M
FP-01-SP3-OCC-SR02;EMO000076;SP3.SP.20/M
FP-01-SP3-OCC-SR01;EMO003528;SP3.SP.19/M
FP-01-SP3-OCC-RF02;EMO001003;SP3.SP.33/M
FP-01-SP3-OCC-PU02-SLPG;EMO000844;SP3.SP.12/M
FP-01-SP3-OCC-PU02-RAGG;EMO000863;SP3.SP.14/M
FP-01-SP3-OCC-PU02-P003;EMO000857;SP3.PUL2.P3/M
FP-01-SP3-OCC-PU02-HYPG;EMO000861;SP3.SP.10/M
FP-01-SP3-OCC-PU02;EMO000854;SP3.PUL2.GB/M
FP-01-SP3-OCC-PU01-TRSW;EMO000846;SP3.SP.05A/M
FP-01-SP3-OCC-PU01-TRSW;EMO000847;SP3.SP.05B/M
FP-01-SP3-OCC-PU01-SLPG;EMO002734;SP3.SP.11/M
FP-01-SP3-OCC-PU01-RAGG;EMO000851;SP3.SP.13/M
FP-01-SP3-OCC-PU01-P095;EMO000848;SP3.SP.05C/M
FP-01-SP3-OCC-PU01-P002;EMO001063;SP3.PUL1.P2/M
FP-01-SP3-OCC-PU01-P001;EMO003396;SP3.PUL1.P1/M
FP-01-SP3-OCC-PU01-OU01;EMO000979;SP3.PUL1.OIL.P/M
FP-01-SP3-OCC-PU01-HYPG;EMO000852;SP3.SP.09/M
FP-01-SP3-OCC-PU01;EMO003074;SP3.PUL1.GB/M
FP-01-SP3-OCC-FR02;EMO000987;SP3.SP.24/M
FP-01-SP3-OCC-FR01;EMO003325;SP3.SP.23/M
FP-01-SP3-OCC-CN02;EMO000856;SP3.CON2.GB/M
FP-01-SP3-OCC-CN01;EMO000842;SP3.CON1.GB/M
FP-01-SP3-OCC-CL02-P192;EMO000585;SP3.P.05
FP-01-SP3-BRS-TH09;EMO001002;SP3.BR05/GB2/M
FP-01-SP3-BRS-TH09;EMO002878;SP3.BR05/GB1/M
FP-01-SP3-BRS-T027-P041;EMO001939;SP3.C28/P36/M
FP-01-SP3-BRS-T027-P040;EMO000919;SP3.C28/P35/M
FP-01-SP3-BRS-T027-A019;EMO000918;SP3.C28/AGT14/M
FP-01-SP3-BRS-T026-P039;EMO000917;SP3.C27/P38/M
FP-01-SP3-BRS-T026-A018;EMO000916;SP3.C27/AGT27/M
FP-01-SP3-BRS-SR15;EMO000985;SP3.BR04/M
FP-01-SP3-BRS-DEF3;EMO001007;PM3.BR03/M
FP-01-SP3-APS-T022-P036;EMO001567;SP3.C23/P28/M
FP-01-SP3-APS-T021-P035;EMO003425;SP3.C22/P26/M
FP-01-SP3-APS-T021-A017;EMO000911;SP3.C22/AGT12/M
FP-01-SP3-APS-T020-P121;EMO003328;SP7.P-2-26/M
FP-01-SP3-APS-T020-P034;EMO001583;SP3.C21/P25/M
FP-01-SP3-APS-T020-A016;EMO000909;SP3.C21/AGT13/M
FP-01-PM3-WRS-T102-P110;EMO001680;PM3.P-72/M
FP-01-PM3-WRS-T076;EMO000969;PM3-SWECO/GB2/M
FP-01-PM3-WRS-T075;EMO000968;PM3-SWECO/GB1/M
FP-01-PM3-WRS-T036-P075;EMO003614;SP3.C37.P87/M
FP-01-PM3-WRS-T036-P060;EMO000939;SP3.C37/P58/M
FP-01-PM3-WRS-T036-P059;EMO000938;SP3.C37/P57/M
FP-01-PM3-WRS-T035-P058;EMO000488;SP3.C36.P82/M
FP-01-PM3-WRS-T034-P057;EMO004926;SP3.C35.P81/M
FP-01-PM3-WRS-T033-P056;EMO003123;PM3.C34.P84A/M
FP-01-PM3-WRS-T033-P055;EMO000934;SP3.C34/P80/M
FP-01-PM3-WRS-T033-P054;EMO003956;PM3.C34/P84/M
FP-01-PM3-WRS-T033-P053;EMO000932;SP3.C34/P55/M
FP-01-PM3-WRS-T033-P052;EMO002899;SP3.C34/P54/M
FP-01-PM3-VAS-VP09;EMO001881;PM3.VP09/M
FP-01-PM3-VAS-VP08;EMO001015;PM3.VP08/M
FP-01-PM3-VAS-VP07;EMO001014;PM3.VP07/M
FP-01-PM3-VAS-VP06;EMO001637;PM3.VP06/M
FP-01-PM3-VAS-VP05;EMO001012;PM3.VP05/M
FP-01-PM3-VAS-VP04;EMO003933;PM3.VP04/M
FP-01-PM3-VAS-VP03;EMO003671;PM3.VP03/M
FP-01-PM3-VAS-VP02;EMO001009;PM3.VP02/M
FP-01-PM3-VAS-VP01;EMO001008;PM3.VP01/M
FP-01-PM3-VAS-T073-P074;EMO003113;PM3-VAC1/P74/M
FP-01-PM3-VAS-T073-P073;EMO000965;PM3-VAC1/P73/M
FP-01-PM3-VAS-T072-P072;EMO002167;PM3-SEAL PIT3/P79/M
FP-01-PM3-VAS-T071-P071;EMO000963;PM3-SEAL PIT2/P66/M
FP-01-PM3-VAS-T070-P070;EMO003843;PM3-SEAL PIT1/P59/M
FP-01-PM3-VAS-T061-P069;EMO005039;PM3-VS6/P67/M
FP-01-PM3-VAS-T060-P068;EMO001275;PM3-VS5/P69/M
FP-01-PM3-STC-T054-P091;EMO003995;PM3-FT4/DP4/M
FP-01-PM3-STC-T051-P090;EMO003288;PM3-FT1/DP3/M
FP-01-PM3-STC-T050-P089;EMO003099;PM3-DT1/DP2/M
FP-01-PM3-STC-T050-P088;EMO000956;PM3-DT1/DP1/M
FP-01-PM3-RHD-CN09;EMO003368;PM3.RH-09/M2
FP-01-PM3-RHD-CN04;EMO003367;PM3.RH-04/M2
FP-01-PM3-LUB-T093-P097;EMO002590;PM3.P/LUB/P1/M
FP-01-PM3-LUB-T093-P098;EMO002589;PM3.P/LUB/P2/M
FP-01-PM3-LUB-T093-P099;EMO000026;PM3.P/LUB/P3/M
FP-01-PM3-LUB-T094-P100;EMO002591;PM3.T1.LUB/P1/M
FP-01-PM3-LUB-T094-P101;EMO002592;PM3.T1.LUB/P2/M
FP-01-PM3-LUB-T095-P102;EMO002593;PM3.T2.LUB/P1/M
FP-01-PM3-HYD-T097-P107;EMO000090;FIN3.RLHDLG/HP3-2B/M
FP-01-PM3-HYD-T097-P106;EMO002566;FIN3.RLHDLG/HP3-2A/M
FP-01-PM3-HYD-T097;EMO003369;PM3.RH-14.FC1/M
FP-01-PM3-HYD-T097;EMO003370;PM3.RH-14.FC2/M
FP-01-PM3-HYD-T096-P105;EMO002565;PM3.P1/HP3-1B/M
FP-01-PM3-HYD-T096-P104;EMO002564;PM3.P1/HP3-1A/M
FP-01-PM3-HOO-BL12;EMO002626;PM3.H-12
FP-01-PM3-HOO-BL11;EMO000229;PM3.H-11
FP-01-PM3-HOO-BL10;EMO002624;PM3.H-10
FP-01-PM3-HOO-BL09;EMO000774;PM3.H-09
FP-01-PM3-HOO-BL08;EMO001944;PM3.H-08
FP-01-PM3-HOO-BL07;EMO002620;PM3.H-07
FP-01-PM3-HOO-BL06;EMO002622;PM3.H-06
FP-01-PM3-HOO-BL05;EMO001855;PM3.H-05
FP-01-PM3-HOO-BL04;EMO000573;PM3.H-04/M
FP-01-PM3-HOO-BL03;EMO002617;PM3.H-03
FP-01-PM3-HOO-BL02;EMO002616;PM3.H-02
FP-01-PM3-HOO-BL01;EMO000990;PM3.H-01/M
FP-01-PM3-CUT-RWD1-BL14;EMO002900;PM3.TRIM BLOWER 2/M
FP-01-PM3-CUT-RWD1-BL13;EMO002883;PM3.TRIM BLOWER 1/M
FP-01-PM3-CAS-COM7;EMO001044;UTY.COM.MK.14/M
FP-01-PM3-CAS-COM6;EMO001043;UTY.COM.MK.13/M
FP-01-PM3-CAS-COM5;EMO001042;UTY.COM.MK.35/M
FP-01-PM3-CAS-COM4;EMO001041;UTY.COM.MK.34/M
FP-01-PM3-CAS-COM3;EMO001040;UTY.COM.MK.33/M
FP-01-PM3-CAS-COM2;EMO001039;UTY.COM.MK.32/M
FP-01-PM3-CAS-COM1;EMO001038;UTY.COM.MK.31/M
FP-01-PM3-BRS-T041-P066;EMO000951;PM3-BR09/P34/M
FP-01-PM3-BRS-T041-A025;EMO003512;PM3-BR09/AGT/M
FP-01-PM3-BRS-T040-P065;EMO000949;PM3-BR08/P33/M
FP-01-PM3-BRS-T040-A024;EMO002931;PM3-BR08/AGT/M
FP-01-PM3-BRS-T039-P064;EMO000947;PM3-BR07/P32/M
FP-01-PM3-BRS-T039-A023;EMO000946;PM3-BR07/AGT2/M
FP-01-PM3-BRS-T039-A022;EMO000945;PM3-BR07/AGT1/M
FP-01-PM3-BRS-T038-P063;EMO000944;PM3-BR06/P31/M
FP-01-PM3-BRS-T038-A021;EMO000942;PM3-BR06/AGT/M
FP-01-PM3-BRS-T037-P061;EMO000274;PM3-BR01/P47/M
FP-01-PM3-BRS-T037-A020;EMO000941;PM3-BR01/AGT/M
FP-01-PM3-APS-T031-P048;EMO003499;SP3.C32/P40/M
FP-01-PM3-APS-T031-P047;EMO002001;SP3.C32/P30/M
FP-01-PM3-APS-T031-P046;EMO002648;SP3.C32/P29/M
FP-01-PM3-APS-T031-P045;EMO002518;SP3.C32/P6/M
FP-01-PM3-APS-SR13;EMO000879;PM3.AP02/M
FP-01-CH3-WRS-T103-P111;EMO002859;CH3.SUMPIT TANK/M
FP-01-CH3-WRS-T085-P080;EMO001049;CH3.3CPHW03/M
FP-01-CH3-WRS-T085-P079;EMO001048;CH3.3CPHW02/M
FP-01-CH3-WRS-T085-P078;EMO001047;CH3.3CPHW01/M
FP-01-CH3-STA-T105-P117;EMO003366;CH3.C23.P/M
FP-01-CH3-STA-T105-A033;EMO003364;CH3.C21.P/M
FP-01-CH3-STA-T091-P125;EMO000853;CH3.C25.P2/M
FP-01-CH3-STA-T091-P087;EMO001062;CH3.C25/M
FP-01-CH3-STA-T091-A029;EMO002070;CH3.MC13/M
FP-01-CH3-STA-T090-A028;EMO001058;CH3.3C.DF01/M
FP-01-CH3-STA-T087-P082;EMO001052;CH3.C.27/M
FP-01-CH3-STA-T087-P081;MGM000998;CH3.C.17/GM
FP-01-CH3-STA-T087-A026;EMO001059;CH3.MC.16/M
FP-01-CH3-STA-CN03;EMO000431;CH3.3CSC01/M
FP-01-CH3-CAT-T103-P112;EMO001954;CH3.CATIONIC PUMP/M
FP-01-CH3-ALM-T089-P086;EMO001057;CH3.C06A/M
FP-01-CH3-ALM-T089-P085;EMO001056;CH3.C06/M
FP-01-CH3-ALM-T089-A027;EMO001055;CH3.MC01/M
FP-01-SP3-OCC-DP01-CN12;EMO005155;SP3_DP_CN12/M
FP-01-SP3-OCC-DP01-CN13;EMO005156;SP3_DP_CN13/M
FP-01-SP3-OCC-DP01-MD01;EMO005062;SP3_DP_MD01/M
FP-01-SP3-OCC-DP01-MD02;EMO005063;SP3_DP_MD02/M
FP-01-SP3-OCC-DP01-OU11;EMO005064;SP3_DP_OU11/P/M
FP-01-SP3-OCC-DP01-OU12;EMO005065;SP3_DP_OU12/P/M
FP-01-SP3-OCC-DP01-AP12;EMO005066;SP3_DP_AP12/AGT/M
FP-01-SP3-OCC-DP01-AP13;EMO005067;SP3_DP_AP13/AGT/M
FP-01-SP3-OCC-DP01-PP15;EMO005068;SP3_DP_PP15/5102P3/M
FP-01-SP3-OCC-DP01-PP15;EMO005070;SP3_DP_PP15/FAN/M
FP-01-SP3-OCC-DP01-PP16;EMO005069;SP3_DP_PP16/5102P4/M
FP-01-SP3-OCC-DP01-PP16;EMO005071;SP3_DP_PP16/FAN/M
FP-01-SP3-OCC-DP01-CN14;MGM000948;SP3.DP.CN14/RJC1/GM
FP-01-SP3-OCC-DP01-CN15;MGM000945;SP3.DP.CN15/RJC2/GM
FP-01-SP3-OCC-DP01-CN16;MGM000946;SP3.DP.CN16/RJC3/GM
FP-01-SP3-OCC-DP01-CN17;MGM000950;SP3.DP.CN17/RJC4/GM
FP-01-SP3-OCC-DP01-LRC1;EMO005072;SP3.DP1.LRC1/COMPACTOR1/M
FP-01-SP3-OCC-DP01-LRC1;EMO005074;SP3.DP1.LRC1/COMPACTOR1/FAN/M
FP-01-SP3-OCC-DP01-LRC2;EMO005073;SP3.DP1.LRC2/COMPACTOR2/M
FP-01-SP3-OCC-DP01-LRC2;EMO005075;SP3.DP1.LRC2/COMPACTOR2/FAN/M
FP-01-SP3-OCC-DP01-LRC1-HD10;EMO005076;SP3_LRC_HD10/HYD_COMPACTOR/M
FP-01-SP3-OCC-DP01-LRC2-HD11;EMO005077;SP3_LRC_HD11/HYD_COMPACTOR/M
FP-01-SP3-OCC-SR19;EMO005078;SP3.OCC.SR19/TC(S)/M
FP-01-SP3-OCC-SR20;EMO005079;SP3.OCC.SR20/TC(S)/M
FP-01-SP3-OCC-RF01;MGM001050;SP3.SP.33/GM/KNIFE
FP-01-SP3-RJS-RU03;EMO005088;SP3.RJ07/M
FP-01-SP3-APS-T023-P037;EMO004955;SP3.C24/P51/M
FP-01-SP3-OCC-T008-P014;EMO003883;SP3.C8/P16/M
FP-01-PM3-BRS-T038-P062;EMO003892;PM3-BR06/P46/M
FP-01-SP3-EFF-T116-P202;EMO005154;SP3.P-DP-1/M
FP-01-SP3-OCC-T112-P196;EMO005083;SP3.OCC.T112.P196/P/M
FP-01-SP3-OCC-T112-P197;EMO005084;SP3.OCC.T112.P197/P/M
FP-01-PM3-VAS-VP10;EMO003540;PM3.VP10/M
FP-01-SP3-OCC-T011-A011;EMO002088;SP3.C11/AGT11/M
FP-01-SP3-OCC-PU02-P004;EMO002045;SP3.PUL2.P4/M
FP-01-PM3-LUB-T095-P103;EMO003309;PM3.T2.LUB/P2/M
FP-01-PM3-CUT-RWD1;EMO003218;PM3.REW.MOVEMENT.MOTOR/M
FP-01-PM3-CUT-RWD1;EMO002807;PM3.REW.CH.CORE TS/M
FP-01-PM3-CUT-RWD1;EMO002834;PM3.REW.CH.CORE DS/M
FP-01-PM3-CUT;EMO002938;PM3.MSN.CORE CUTTER/VB/M
FP-01-PM3-APS-SR14;EMO002918;PM3.AP01/M
FP-01-PM3-APS-SR12;EMO004984;PM3.AP03/M
FP-01-PM3-APS-T030-P044;EMO003961;SP3.C31/P27/M
FP-01-CH3-ALM-T088-P083;EMO001053;CH3.C03/M
FP-01-SP3-OCC-T025-P038;EMO000915;SP3.C26/P53/M
FP-01-SP3-RJS-T017-P030;EMO000904;SP3.C18/P83/M
FP-01-CH3-CAT-T103-A031;MGM000123;CH3.CAT.MIXING TANK/MGM
FP-01-PM3-HYD-T110-P195;EMO003938;PM3.HYD.MCL/P195/M
FP-01-PM3-HYD-T110-P194;EMO003937;PM3.HYD.MCL/P194/M
FP-01-PM3-CUT-RWD1-FDR1;EMO003467;PM3.REW.FR/GB/M
FP-01-PM3-CUT-RWD1-RDR1;EMO003468;PM3.REW.RER/GB/M
FP-01-PM3-CUT-RWD1-UNWD;EMO002672;PM3.REW.UNW/M
FP-01-PM3-CUT-RWD1-UNWD;EMO002796;PM3.REW.UNW/M/BLW/M
FP-01-PM3-DRY-GRP1;EMO001026;PM3.G1.GB/M
FP-01-PM3-DRY-GRP1-DC02;MGM000800;PM3.G1.DYC2.DR/GM
FP-01-PM3-DRY-GRP1-DC08;MGM000619;PM3.G1.DYC8.DR/GM
FP-01-PM3-DRY-GRP2;EMO003459;PM3.G2.GB/M
FP-01-PM3-DRY-GRP2;MGM000653;PM3.DRY.GRP2.SW(O)2/GM
FP-01-PM3-DRY-GRP2-DC10;MGM000620;PM3.G2.DYC10.DR/GM
FP-01-PM3-DRY-GRP2-DC12;MGM000621;PM3.G2.DYC12.DR/GM
FP-01-PM3-DRY-GRP2-DC14;MGM000622;PM3.G2.DYC14.DR/GM
FP-01-PM3-DRY-GRP3;EMO001028;PM3.G3.GB/M
FP-01-PM3-DRY-GRP3-DC22;MGM000625;PM3.G3.DYC22.DR/GM
FP-01-PM3-DRY-GRP3-DC23;MGM000626;PM3.G3.DYC23.DR/GM
FP-01-PM3-DRY-GRP3-DC24;MGM000888;PM3.G3.DYC24/DR/GM
FP-01-PM3-DRY-GRP3-DC25;MGM000627;PM3.G3.DYC25.DR/GM
FP-01-PM3-DRY-GRP3-DC33;MGM000628;PM3.G3.DYC33.DR/GM
FP-01-PM3-DRY-GRP3-DC34;MGM000629;PM3.G3.DYC34.DR/GM
FP-01-PM3-DRY-GRP4;EMO001029;PM3.G4.GB/M
FP-01-PM3-DRY-GRP4-DC35;MGM000630;PM3.G4.DYC35.DR/GM
FP-01-PM3-DRY-GRP5;EMO001032;PM3.G5.GB/M
FP-01-CH3-STA-T105-P116;EMO003365;CH3.C22.P/M
FP-01-PM3-DRY-GRP5-DC50;MGM000632;PM3.G5.DYC50.DR/GM
FP-01-PM3-DRY-GRP6;EMO001033;PM3.G6.GB/M
FP-01-PM3-DRY-GRP6-DC51;MGM000633;PM3.G6.DYC51.DR/GM
FP-01-PM3-DRY-GRP6-DC52;MGM000634;PM3.G6.DYC52.DR/GM
FP-01-PM3-DRY-GRP6-DC53;MGM000635;PM3.G6.DYC53.DR/GM
FP-01-PM3-DRY-GRP7;EMO001034;PM3.G7.GB/M
FP-01-PM3-DRY-GRP7-DC59;MGM000991;PM3.G7.DYC59.DR/GM
FP-01-PM3-DRY-GRP7-DC61;MGM000637;PM3.G7.DYC61.DR/GM
FP-01-PM3-DRY-GRP8;EMO001035;PM3.G8.GB/M
FP-01-PM3-DRY-GRP8-DC67;MGM000638;PM3.G8.DYC67.DR/GM
FP-01-PM3-DRY-GRP8-DC68;MGM000640;PM3.G8.DYC68.DR/GM
FP-01-PM3-DRY-SZPR-ER01;EMO002837;PM3.SP.ER/M
FP-01-PM3-DRY-SZPR-SPRB;EMO001031;PM3.SP.R(BT)/GB/M
FP-01-PM3-DRY-SZPR-SPRT;EMO001030;PM3.SP.R(TP)/GB/M
FP-01-PM3-DRY-SZPR-SPRT;MGM000497;PM3.SP.R(TP)DR/GM
FP-01-PM3-HOO-BL15;EMO002969;PM3-HOO-BL15-M
FP-01-PM3-REL-PPRL-CYL1;EMO001037;PM3.PPR.CYL/GB/M
FP-01-PM3-REL-PPRL-ER01;EMO003934;PM3.PPR.ER/M
FP-01-PM3-REL-PPRL-PRAR;MGM000481;PM3.REEL.PRAR/GM
FP-01-PM3-WET-FDNR-BR01;MGM000475;PM3.FDN.BR/DO/GM
FP-01-PM3-WET-FDNR-DR01;EMO001023;PM3.FDN.DR/GB/M
FP-01-PM3-WET-FDNR-SCR1;EMO001017;PM3.FDN.SCR/GB/M
FP-01-PM3-WET-PRS1-PSRB;EMO001025;PM3.P1.PSR(BT)/GB/M
FP-01-PM3-WET-PRS1-PSRT;EMO001019;PM3.P1.PSR(TP)/GB/M
FP-01-PM3-WET-PRS1-PUR1;EMO000828;PM3.P1.PUR/GB/M
FP-01-PM3-WET-PRS2-FR01;MGM000744;PM3.P2.FR1/GM
FP-01-PM3-WET-PRS2-PSRB;EMO001408;PM3.P2.PSR(BT)/GB/M
FP-01-PM3-WET-PRS2-PSRT;EMO001022;PM3.P2.PSR(TP)/GB/M
FP-01-PM3-WET-PRS2-SFR1;EMO000825;PM3.P2.FR(S)/GB/M
FP-01-PM3-WRS-T106-P120;MPU000867;PM3.P-FM-12
FP-01-PM3-WRS-T106-P119;MPU001299;PM3.P-FM-11
FP-01-PM3-MCL-BL16;MFB000095;PM3-MCL-VF1
FP-01-PM3-MCL-GRP2-MCL2B;EMO004877;PM3.MCL.BEAM3.BTM/M
FP-01-PM3-MCL-GRP2-MCL2A;EMO004876;PM3.MCL.BEAM2.TOP/M
FP-01-PM3-MCL-GRP1-MCL1;EMO004875;PM3.MCL.BEAM1/M
FP-01-SP3-SPA-CRN1-HST1;EMO002601;SP3.CRN.KO.16T.A/M
FP-01-SP3-SPA-CRN1-HST2;EMO003225;SP3.CRN.KO.16T.B/M
FP-01-SP3-SPA-CRN1-XTR1;MGM000222;SP3.CRN.KO.16T.A/CT/M2
FP-01-SP3-SPA-CRN1-XTR2;MGM000223;SP3.CRN.KO.16T.B/CT/M2
FP-01-SP3-SPA-CRN1-LTR1;MGM000221;SP3.CRN.KO.2X16T.LT1/GM
FP-01-SP3-SPA-CRN1-LTR2;MGM000652;SP3.CRN.KO.2X16T.LT2/GM
FP-01-PM3-PMA-CRN2-HST1;EMO003529;FIN3.CRN.KO.30T.B/M
FP-01-PM3-PMA-CRN2-HST2;EMO002604;PM3.CRN.KO.60T.B/M
FP-01-PM3-PMA-CRN2-HST3;EMO003820;PM3.CRN.KO.30T.C/M
FP-01-PM3-PMA-CRN2-XTR1;EMO003168;PM3.CRN.KO.30T.A/CT/M
FP-01-PM3-PMA-CRN2-XTR2;MGM000227;PM3.CRN.KO.30T.B/CT/M
FP-01-PM3-PMA-CRN2-XTR3;MGM000228;PM3.CRN.KO.30T.C/CT/M
FP-01-PM3-PMA-CRN2-LTR1;MGM000224;PM3.CRN.KO.30-60-30T/LT1/GM
FP-01-PM3-PMA-CRN2-LTR2;EMO003874;PM3.CRN.KO.30-60-30T/LT2/M
FP-01-PM3-PMA-CRN3-HST1;EMO002605;FIN3.CRN.KO.30T.A/M
FP-01-PM3-PMA-CRN3-HST2;EMO002603;FIN3.CRN.KO.30T.B/M
FP-01-PM3-PMA-CRN3-XTR1;MGM000231;FIN3.CRN.KO.30T.A/CT/GM
FP-01-PM3-PMA-CRN3-XTR2;EMO001703;PM3.PMA.CRN3-XTR2/M
FP-01-PM3-PMA-CRN3-LTR2;EMO003867;FIN3.CRN.KO.2X30T/LT2/GM/M
FP-01-PM3-RHD-CN03;MGM000324;PM3.RH-03/GM
FP-01-PM3-RHD-CN05;MGM000326;PM3.RH-05/GM
FP-01-PM3-RHD-STRP;MGM000327;PM3.RH-06/GM
FP-01-PM3-RHD-CN07;MGM000328;PM3.RH-07/GM
FP-01-PM3-RHD-CN08;EMO003955;PM3.RH-08/GM/M
FP-01-PM3-RHD-CN10;MGM000331;PM3.RH-10/GM
FP-01-PM3-RHD-CN11;MGM000346;PM3.RH-11/GM
FP-01-PM3-RHD-STRP;EMO005162;PM3.RHD.STRP/M_STRAP_FEED
FP-01-PM3-RHD-STRP;EMO005163;PM3.RHD.STRP/M_TENSION
FP-01-PM3-RHD-STRP;EMO005164;PM3.RHD.STRP/M_CUT_DIE
FP-01-PM3-DRY-GRP2-DC16;MGM000734;PM3.G2.DYC16.DR/GM
FP-01-PM3-DRY-GRP2-DC18;MGM000780;PM3.G2.DYC18.DR/GM
FP-01-PM3-RHD-CN09;MGM000330;PM3.RH-09/GM
FP-01-PM3-PMA-CRN3-LTR1;MGB000450;FIN3.CRN.KO.2X30T/LT1/GM
FP-01-PM3-CUT-RWD1-BL19;EMO005243;PM3.RWD/BLW(VACUUM)/M
