id;tag_name;created_at
FP-01-SP1-CPO-T002-P006;SP1.CP.C2/P1/M;2023-10-26 14:45:21
FP-01-SP1-CPO-T007-P203;SP1.CP.C6/P3/M;2023-10-26 14:45:21
FP-01-SP1-CPO-T007-P013;SP1.CP.C6/P2/M;2023-10-26 14:45:21
FP-01-SP1-CPO-DKC2;SP1.CP.DKC2/M;2023-10-26 14:45:21
FP-01-SP1-CPO-DKC2-P018;SP1.CP.DKC2/P1;2023-10-26 14:45:21
FP-01-SP1-CPO-DKC2-P019;SP1.CP.DKC2/P2;2023-10-26 14:45:21
FP-01-SP1-CPO-SR01;SP1.CP.PS(C)1/M;2023-10-26 14:45:21
FP-01-SP1-CPO-SR02;SP1.CP.JNS1/M;2023-10-26 14:45:21
FP-01-SP1-CPO-SR04;SP1.CP.PS(F)1/M;2023-10-26 14:45:21
FP-01-SP1-CPO-SR05;SP1.CP.PS(F)2/M;2023-10-26 14:45:21
FP-01-SP1-CPO-SR06;SP1.CP.PS(F)3/M;2023-10-26 14:45:21
FP-01-SP1-CPO-T001-P004;SP1.CP.C1.P1/M;2023-10-26 14:45:21
FP-01-SP1-CPO-T004-P008;SP1.CP.C20/P1/M;2023-10-26 14:45:21
FP-01-SP1-CPO-T005-P009;SP1.CP.T3/P1/M;2023-10-26 14:45:21
FP-01-SP1-CPO-T005-P010;SP1.CP.T3/P2/M;2023-10-26 14:45:21
FP-01-SP1-CPO-T006-A002;SP1.CP.C4/AGT/M;2023-10-26 14:45:21
FP-01-SP1-CPO-T006-P011;SP1.CP.C4/P1/M;2023-10-26 14:45:21
FP-01-SP1-CPO-T007-P012;SP1.CP.C6/P1/M;2023-10-26 14:45:21
FP-01-SP1-CPO-T008-P014;SP1.CP.C7/P1/M;2023-10-26 14:45:21
FP-01-SP1-CPO-T009-P015;SP1.CP.C8/P1/M;2023-10-26 14:45:21
FP-01-SP1-CPO-T010-P016;SP1.CP.C17/P1/M;2023-10-26 14:45:21
FP-01-SP1-CPO-T011-P020;SP1.CP.T8/P1/M;2023-10-26 14:45:21
FP-01-SP1-CPO-T012-P021;SP1.CP.C10/P1/M;2023-10-26 14:45:21
FP-01-SP1-CPO-T013-P022;SP1.CP.C11/P1/M;2023-10-26 14:45:21
FP-01-SP1-CPO-T014-P023;SP1.CP.C12/P1/M;2023-10-26 14:45:21
FP-01-SP1-CPO-T015-P026;SP1.CP.C13/P2/M;2023-10-26 14:45:21
FP-01-SP1-CPO-T016-A003;SP1.CP.C14/AGT/M;2023-10-26 14:45:21
FP-01-SP1-CPO-T016-P027;SP1.CP.C14/P1/M;2023-10-26 14:45:21
FP-01-SP1-CPO-T017-A004;SP1.CP.C5/AGT1/M;2023-10-26 14:45:21
FP-01-SP1-CPO-T017-A005;SP1.CP.C5/AGT2/M;2023-10-26 14:45:21
FP-01-SP1-CPO-T017-P028;SP1.CP.C5/P1/M;2023-10-26 14:45:21
FP-01-SP1-CPO-T018-A006;SP1.CP.C5A/AGT1/M;2023-10-26 14:45:21
FP-01-SP1-CPO-T018-A007;SP1.CP.C5A/AGT2/M;2023-10-26 14:45:21
FP-01-SP1-CPO-T019-P030;SP1.CP.C16/P1/M;2023-10-26 14:45:21
FP-01-SP1-CPO-T020-A008;SP1.CP.C18/AGT/M;2023-10-26 14:45:21
FP-01-SP1-CPO-T022-P033;SP1.CP.T7/P1/M;2023-10-26 14:45:21
FP-01-SP1-CPO-T023-P036;SP1.CP.C15/P3/M;2023-10-26 14:45:21
FP-01-SP1-CPO-T026-P024;SP1.CP.T5/P1/M;2023-10-26 14:45:21
FP-01-SP1-CPO-TH01;SP1.CP.THK1/M;2023-10-26 14:45:21
FP-01-SP1-CPO-TH05;SP1.CP.THK3B/GB/M;2023-10-26 14:45:21
FP-01-SP1-CPO-TH04;SP1.CP.THK3A/GB/M;2023-10-26 14:45:21
FP-01-SP1-CPO-TH03;SP1.CP.THK2B/GB/M;2023-10-26 14:45:21
FP-01-SP1-CPO-TH06;SP1.CP.THK4.C/SW(0)/GM/M;2023-10-26 14:45:21
FP-01-SP1-CPO-TH06-SCRF;SP1.CP.THK4.B/GB(SCREW)/M;2023-10-26 14:45:21
FP-01-SP1-CPO-TH07;SP1.CP.THK4A/GB/M;2023-10-26 14:45:21
FP-01-SP1-CPO-TH07-CHMX;SP1.CP.CHM1/GB/M;2023-10-26 14:45:21
FP-01-SP1-CPO-TH08;SP1.CP.THK5B/GB/M;2023-10-26 14:45:21
FP-01-SP1-CPO-TH09;SP1.CP.THK5A/GB/M;2023-10-26 14:45:21
FP-01-SP1-CPO-DKC1-P017;SP1.CP.DKC1/P1/M;2023-10-26 14:45:21
FP-01-SP1-CPO-T018-P029;SP1.CP.C5A/P1/M;2023-10-26 14:45:21
FP-01-SP1-CPO-RF01;SP1.CP.SNF/M;2023-10-26 14:45:21
FP-01-SP1-CPO-T020-P031;SP1.CP.C18/P1/M;2023-10-26 14:45:21
FP-01-SP1-CPO-T001-A001;SP1.CP.C1/AGT/M;2023-10-26 14:45:21
FP-01-SP1-CPO-TH23-P205;SP1.CP.C9/P2/M;2023-10-26 14:45:21
FP-01-SP1-CPO-T023-P034;SP1.CP.C15/P1/M;2023-10-26 14:45:21
FP-01-SP1-CPO-T015-P025;SP1.CP.C13/P1/M;2023-10-26 14:45:21
FP-01-SP1-CPO-T242-P204;SP1.CP.C9/P1/M;2023-10-26 14:45:21
FP-01-SP1-CPO-TH23-P224;SP1.CP.C9/P3/M;2023-10-26 14:45:21
FP-01-SP1-CPO-T023-P035;SP1.CP.C15/P2/M;2023-10-26 14:45:21
FP-01-SP1-CPO-PPIT-P341;SP1.CPO.PPIT.P341/P1/M;2023-10-26 14:45:21
FP-01-SP1-CPO-DKC1;SP1.CP.DKC1/M;2023-10-26 14:45:21
FP-01-SP1-CPO-SR03;SP1.CP.PS(C)2/M;2023-10-26 14:45:21
FP-01-SP1-CPO-SR41;SP1.CP.PS(FIL)/M;2023-10-26 14:45:21
FP-01-SP1-CPO-T273-P353;SP1.CPO.T9/P1/M;2023-10-26 14:45:21
FP-01-SP1-CLD-T081-A031;SP1.CL.C10/AGT/M;2023-10-26 14:45:21
FP-01-SP1-CLD-T087-A033;SP1.CL.C16/AGT/M;2023-10-26 14:45:21
FP-01-SP1-CLD-DSP2-IE2A;SP1.CL.DSP/IE2A/GB/M;2023-10-26 14:45:21
FP-01-SP1-CLD-CN08;SP1.CON8/GB/M;2023-10-26 14:45:21
FP-01-SP1-CLD-DKC3-P106;SP1.CL.DKC1/P1/M;2023-10-26 14:45:21
FP-01-SP1-CLD-DKC4-P107;SP1.CL.DKC2/P1/M;2023-10-26 14:45:21
FP-01-SP1-CLD-DSP2-CHMX;SP1.CL.DSP/CHM/GB/M;2023-10-26 14:45:21
FP-01-SP1-CLD-DSP2;SP1.CL.DSP/GB/M;2023-10-26 14:45:21
FP-01-SP1-CLD-DSP2-IE1A;SP1.CL.DSP/IE1A/GB/M;2023-10-26 14:45:21
FP-01-SP1-CLD-DSP2-IE1B;SP1.CL.DSP/IE1B/GB/M;2023-10-26 14:45:21
FP-01-SP1-CLD-DSP2-IE2B;SP1.CL.DSP/IE2B/GB/M;2023-10-26 14:45:21
FP-01-SP1-CLD-DSP2-IE2C;SP1.CL.DSP/IE2C/GB/M;2023-10-26 14:45:21
FP-01-SP1-CLD-DSP2-SCRP;SP1.CL.DSP/SCP/GB/M;2023-10-26 14:45:21
FP-01-SP1-CLD-PU08;SP1.PUL8/GB/M;2023-10-26 14:45:21
FP-01-SP1-CLD-PU08-P093;SP1.PUL8/P1/M;2023-10-26 14:45:21
FP-01-SP1-CLD-SR20;SP1.CL.ADS1/M;2023-10-26 14:45:21
FP-01-SP1-CLD-SR21;SP1.CL.JNS1/M;2023-10-26 14:45:21
FP-01-SP1-CLD-SR23;SP1.CL.PS(C)1/M;2023-10-26 14:45:21
FP-01-SP1-CLD-SR25;SP1.CL.PS(F)1/M;2023-10-26 14:45:21
FP-01-SP1-CLD-SR26;SP1.CL.PS(F)2/M;2023-10-26 14:45:21
FP-01-SP1-CLD-SR27;SP1.CL.PS(F)3/M;2023-10-26 14:45:21
FP-01-SP1-CLD-T075-A027;SP1.CL.C4/AGT/M;2023-10-26 14:45:21
FP-01-SP1-CLD-T076-A028;SP1.CL.C5/AGT1/M;2023-10-26 14:45:21
FP-01-SP1-CLD-T076-P098;SP1.CL.C5/P1/M;2023-10-26 14:45:21
FP-01-SP1-CLD-T077-P099;SP1.CL.C6/P1/M;2023-10-26 14:45:21
FP-01-SP1-CLD-T078-P101;SP1.CL.C7/P2/M;2023-10-26 14:45:21
FP-01-SP1-CLD-T078-P102;SP1.CL.C7/P3/M;2023-10-26 14:45:21
FP-01-SP1-CLD-T080-P104;SP1.CL.C9/P1/M;2023-10-26 14:45:21
FP-01-SP1-CLD-T081-P105;SP1.CL.C10/P1/M;2023-10-26 14:45:21
FP-01-SP1-CLD-T083-P111;SP1.CL.C13/P1/M;2023-10-26 14:45:21
FP-01-SP1-CLD-T084-P113;SP1.CL.C17/P1/M;2023-10-26 14:45:21
FP-01-SP1-CLD-T084-P114;SP1.CL.C17/P2/M;2023-10-26 14:45:21
FP-01-SP1-CLD-T084-P115;SP1.CL.C17/P3/M;2023-10-26 14:45:21
FP-01-SP1-CLD-T085-P116;SP1.CL.C14/P1/M;2023-10-26 14:45:21
FP-01-SP1-CLD-T086-P117;SP1.CL.C15/P1/M;2023-10-26 14:45:21
FP-01-PM1-COT-COAT-BKR2;PM1.COT.BMB/BKR/GB/M;2023-10-26 14:45:21
FP-01-SP1-CLD-T087-P118;SP1.CL.C16/P1/M;2023-10-26 14:45:21
FP-01-SP1-CLD-T089-P109;SP1.CL.T2/P1/M;2023-10-26 14:45:21
FP-01-SP1-CLD-TH18;SP1.CL.THK(SF)1/GB/M;2023-10-26 14:45:21
FP-01-SP1-CLD-TH19;SP1.CL.THK2/GB/M;2023-10-26 14:45:21
FP-01-SP1-CLD-TH20;SP1.CL.THK3/GB/M;2023-10-26 14:45:21
FP-01-SP1-CLD-TH21;SP1.CL.THK4/SW(O)/M;2023-10-26 14:45:21
FP-01-SP1-CLD-TH21;SP1.CL.THK4/GB/M;2023-10-26 14:45:21
FP-01-SP1-CLD-T079-P103;SP1.CL.C8/P1/M;2023-10-26 14:45:21
FP-01-SP1-CLD-T072-P094;SP1.CL.C1/P1/M;2023-10-26 14:45:21
FP-01-SP1-CLD-TH21-P119;SP1.CL.THK4/P1/M;2023-10-26 14:45:21
FP-01-SP1-CLD-BL01;SP1.CL.VS1/BLW/M;2023-10-26 14:45:21
FP-01-SP1-CLD-T078-P100;SP1.CL.C7/P1/M;2023-10-26 14:45:21
FP-01-SP1-CLD-T073-P095;SP1.CL.C2/P1/M;2023-10-26 14:45:21
FP-01-SP1-CLD-T075-P097;SP1.CL.C4/P1/M;2023-10-26 14:45:21
FP-01-SP1-CLD-DKC5-P108;SP1.CL.DKC3/P1/M;2023-10-26 14:45:21
FP-01-SP1-CLD-T082-P110;SP1.CL.C12/P1/M;2023-10-26 14:45:21
FP-01-SP1-CLD-T073-A025;SP1.CL.C2/AGT/M;2023-10-26 14:45:21
FP-01-SP1-CLD-T077-A030;SP1.CL.C6/AGT/M;2023-10-26 14:45:21
FP-01-SP1-CLD-T086-A032;SP1.CL.C15/AGT/M;2023-10-26 14:45:21
FP-01-SP1-CLD-T090-P112;SP1.CL.T3/P1/M;2023-10-26 14:45:21
FP-01-SP1-CLD-T076-A029;SP1.CL.C5/AGT2/M;2023-10-26 14:45:21
FP-01-SP1-CLD-T091-P120;SP1.CL.T4/P1/M;2023-10-26 14:45:21
FP-01-SP1-CLD-T072-A024;SP1.CL.C1/AGT/M;2023-10-26 14:45:21
FP-01-SP1-MXW-T050-P057;SP1.MW.C4/P6/M;2023-10-26 14:45:21
FP-01-SP1-MXW-T361-P385;SP1.MW.T35A/P/M;2023-10-26 14:45:21
FP-01-SP1-MXW-T064-P083;SP1.MW.VS2/P1/M;2023-10-26 14:45:21
FP-01-SP1-MXW-DSP1;SP1.MW.DSP1/M;2023-10-26 14:45:21
FP-01-SP1-MXW-RF04;SP1.UK.DDR3/M;2023-10-26 14:45:21
FP-01-SP1-MXW-SR12;SP1.MW.PS(C)1/M;2023-10-26 14:45:21
FP-01-SP1-MXW-SR13;SP1.MW.FRAC/M;2023-10-26 14:45:21
FP-01-SP1-MXW-SR14;SP1.MW.PS(F)1/M;2023-10-26 14:45:21
FP-01-SP1-MXW-SR15;SP1.MW.PS(F)2/M;2023-10-26 14:45:21
FP-01-SP1-MXW-SR16;SP1.MW.PS(C)2/M;2023-10-26 14:45:21
FP-01-SP1-MXW-SR18;SP1.MW.PS(C)3/M;2023-10-26 14:45:21
FP-01-SP1-MXW-SR40;SP1.MW1.PS(F)1/M;2023-10-26 14:45:21
FP-01-SP1-MXW-T048-P061;SP1.MW.T2/P1/M;2023-10-26 14:45:21
FP-01-SP1-MXW-T049-A017;SP1.MW.C3/AGT/GB/M;2023-10-26 14:45:21
FP-01-SP1-MXW-T049-P062;SP1.MW.C3/P1/M;2023-10-26 14:45:21
FP-01-SP1-MXW-T050-P064;SP1.MW.C4/P2/M;2023-10-26 14:45:21
FP-01-SP1-MXW-T050-P067;SP1.MW.C4/P5/M;2023-10-26 14:45:21
FP-01-SP1-MXW-T052-P070;SP1.MW.T4/P1/M;2023-10-26 14:45:21
FP-01-SP1-MXW-T055-P076;SP1.MW.T(DLG)1/P1/M;2023-10-26 14:45:21
FP-01-SP1-MXW-T056-P077;SP1.MW.T(DLG)2/P1/M;2023-10-26 14:45:21
FP-01-SP1-MXW-T057-A018;SP1.MW.C5/AGT1/M;2023-10-26 14:45:21
FP-01-SP1-MXW-TH12;SP1.MW.THK(LF)1/GB/M;2023-10-26 14:45:21
FP-01-SP1-MXW-TH13;SP1.MW.THK(LF).2.SW/M;2023-10-26 14:45:21
FP-01-SP1-MXW-TH13;SP1.MXW.TH13.GB/M;2023-10-26 14:45:21
FP-01-SP1-MXW-TH15;SP1.MW.THK4.SCC/M;2023-10-26 14:45:21
FP-01-SP1-MXW-TH15;SP1.MW.THK4/GB/P(G)/M;2023-10-26 14:45:21
FP-01-SP1-MXW-TH15;SP1.MW.THK4/M;2023-10-26 14:45:21
FP-01-SP1-MXW-TH16;SP1.MW.SCP1/M;2023-10-26 14:45:21
FP-01-SP1-MXW-TH17;SP1.MW.SCP2/M;2023-10-26 14:45:21
FP-01-SP1-MXW-VP02;SP1.MW.VP1/M;2023-10-26 14:45:21
FP-01-SP1-MXW-T057-P079;SP1.MW.C5/P1/M;2023-10-26 14:45:21
FP-01-SP1-MXW-T362-P386;SP1.MW.T35B/P/M;2023-10-26 14:45:21
FP-01-SP1-MXW-T050-P065;SP1.MW.C4/P3/M;2023-10-26 14:45:21
FP-01-SP1-MXW-T046-P059;SP1.MW.C2/P1/M;2023-10-26 14:45:21
FP-01-SP1-MXW-T050-P066;SP1.MW.C4/P4/M;2023-10-26 14:45:21
FP-01-SP1-MXW-PAL9-P003;SP1.MXW.PAL9.P003/M;2023-10-26 14:45:21
FP-01-SP1-MXW-VP03;SP1.MW.THK/VP1/M;2023-10-26 14:45:21
FP-01-SP1-MXW-T051-P069;SP1.MW.T3/P2/M;2023-10-26 14:45:21
FP-01-SP1-MXW-T046-A016;SP1.MW.C2/AGT/M;2023-10-26 14:45:21
FP-01-SP1-MXW-VP04;SP1.MW.THK/VP2/M;2023-10-26 14:45:21
FP-01-SP1-MXW-T050-P063;SP1.MW.C4.P1/M;2023-10-26 14:45:21
FP-01-SP1-MXW-RF14;SP1.MW.RF14/M;2023-10-26 14:45:21
FP-01-SP1-MXW-T063-P082;SP1.MW.VS1/P1/M;2023-10-26 14:45:21
FP-01-SP1-MXW-T051-P068;SP1.MW.T3P1/M;2023-10-26 14:45:21
FP-01-SP1-MXW-T058-P081;SP1.MW.PIT/P1/M;2023-10-26 14:45:21
FP-01-SP1-MXW-RF04;SP1.MXW.RF04.KNF/M;2023-10-26 14:45:21
FP-01-SP1-MXW-PAL9;SP1.MXW.PAL9/PL-SORTER/M;2023-10-26 14:45:21
FP-01-SP1-OCC-T103-P080;SP1.MW.C5A/P2/M;2023-10-26 14:45:21
FP-01-SP1-ONP-T031-P045;SP1.ON.C3/P3/M;2023-10-26 14:45:21
FP-01-SP1-ONP-T032-P048;SP1.ON.T2/P2/M;2023-10-26 14:45:21
FP-01-SP1-ONP-RF03;SP1.ON.DDR2/M;2023-10-26 14:45:21
FP-01-SP1-ONP-RJ01;SP1.ON.RJS1/M;2023-10-26 14:45:21
FP-01-SP1-ONP-SR09;SP1.ON.PS(F)1/M;2023-10-26 14:45:21
FP-01-SP1-ONP-T030-P042;SP1.ON.T4/P1/M;2023-10-26 14:45:21
FP-01-SP1-ONP-T031-P043;SP1.ON.C3/P1/M;2023-10-26 14:45:21
FP-01-SP1-ONP-T032-P047;SP1.ON.T2/P1/M;2023-10-26 14:45:21
FP-01-SP1-ONP-T032-P049;SP1.ON.T2/P3/M;2023-10-26 14:45:21
FP-01-SP1-ONP-T034-P050;SP1.ON.T6/P1/M;2023-10-26 14:45:21
FP-01-SP1-ONP-T035-P051;SP1.ON.T3/P1/M;2023-10-26 14:45:21
FP-01-SP1-ONP-T038-A012;SP1.ON.C4/AGT1/GB/M;2023-10-26 14:45:21
FP-01-SP1-ONP-T038-A013;SP1.ON.C4/AGT2/GB/M;2023-10-26 14:45:21
FP-01-SP1-ONP-TH10-VP01;SP1.ON.THK1/VP1/M;2023-10-26 14:45:21
FP-01-SP1-ONP-TH11;SP1.ON.THK2/GB/M;2023-10-26 14:45:21
FP-01-SP1-ONP-T027-P039;SP1.ON.C1/P1/M;2023-10-26 14:45:21
FP-01-SP1-ONP-T031-P044;SP1.ON.C3/P2/M;2023-10-26 14:45:21
FP-01-SP1-ONP-CN04;SP1.CON4/GM/M;2023-10-26 14:45:21
FP-01-SP1-ONP-T039-P055;SP1.ON.C5/P1/M;2023-10-26 14:45:21
FP-01-SP1-ONP-T028-A011;SP1.MW.C6/AGT/M;2023-10-26 14:45:21
FP-01-SP1-ONP-T038-P054;SP1.ON.C4/P1/M;2023-10-26 14:45:21
FP-01-SP1-ONP-TH10;SP1.ON.THK1/GB/M;2023-10-26 14:45:21
FP-01-SP1-ONP-T031-P046;SP1.ON.C3/P4/M;2023-10-26 14:45:21
FP-01-SP1-ONP-PU04-P368;SP1.PUL4/P3/M;2023-10-26 14:45:21
FP-01-SP1-ONP-T039-A014;SP1.ON.C5/AGT/M;2023-10-26 14:45:21
FP-01-SP1-ONP-RF03;SP1.ONP.RF03.DDR4(KN)/M;2023-10-26 14:45:21
FP-01-SP1-ONP-PU04;SP1.PUL4/GB/M;2023-10-26 14:45:21
FP-01-SP1-ONP-PU04-OU01;SP1.PUL4/GB/OU/P/M;2023-10-26 14:45:21
FP-01-SP1-ONP-PU04-P038;SP1.PUL4/P1/M;2023-10-26 14:45:21
FP-01-SP1-ONP-PU04-P367;SP1.PUL4/P2/M;2023-10-26 14:45:21
FP-01-SP1-ONP-T027-A010;SP1.ON.C1/AGT/M;2023-10-26 14:45:21
FP-01-SP1-ONP-T028-P040;SP1.MW.C6/P1/M;2023-10-26 14:45:21
FP-01-SP1-ONP-T037-P053;SP1.ON.PIT/P1/M;2023-10-26 14:45:21
FP-01-SP1-ONP-SR10;SP1.ON.PS(F)2/M;2023-10-26 14:45:21
FP-01-SP1-ONP-SR07;SP1.ON.PS(C)1/M;2023-10-26 14:45:21
FP-01-SP1-ONP-RF02;SP1.ON.DDR1/M;2023-10-26 14:45:21
FP-01-SP1-UKP-T068-A022;SP1.UK.C3/AGT/M;2023-10-26 14:45:21
FP-01-SP1-UKP-PU07-P084;SP1.PUL7/P1/M;2023-10-26 14:45:21
FP-01-SP1-UKP-CN07;SP1.CON7/GB/M;2023-10-26 14:45:21
FP-01-SP1-UKP-PU07;SP1.PUL7/GB/M;2023-10-26 14:45:21
FP-01-SP1-UKP-RF05;SP1.UK.DDR1/M;2023-10-26 14:45:21
FP-01-SP1-UKP-RF06;SP1.UK.DDR2/M;2023-10-26 14:45:21
FP-01-SP1-UKP-RF07;SP1.MW.DDR1/M;2023-10-26 14:45:21
FP-01-SP1-UKP-T065-A020;SP1.UK.C1/AGT/GB;2023-10-26 14:45:21
FP-01-SP1-UKP-T066-A021;SP1.UK.C2/AGT/M;2023-10-26 14:45:21
FP-01-SP1-UKP-T066-P087;SP1.UK.C2/P1/M;2023-10-26 14:45:21
FP-01-SP1-UKP-T067-P089;SP1.UK.T1/P1/M;2023-10-26 14:45:21
FP-01-SP1-UKP-T068-P090;SP1.UK.C3/P1/M;2023-10-26 14:45:21
FP-01-SP1-UKP-T069-P092;SP1.UK.C4/P2/M;2023-10-26 14:45:21
FP-01-SP1-UKP-T069-A023;SP1.UK.C4/AGT/M;2023-10-26 14:45:21
FP-01-SP1-UKP-PU07;SP1.PUL7.GB/P/G/M;2023-10-26 14:45:21
FP-01-SP1-UKP-RF07;SP1.UKP.RF07.DDR3(KN)/M;2023-10-26 14:45:21
FP-01-SP1-UKP-RF06;SP1.UKP.RF06(KN)/M;2023-10-26 14:45:21
FP-01-SP1-UKP-RF05;SP1.UK.RF05(KN)/M;2023-10-26 14:45:21
FP-01-SP1-UKP-T069-P091;SP1.UK.C4/P1/M;2023-10-26 14:45:21
FP-01-SP1-OCC-CN06;SP1.CON6/GB/M;2023-10-26 14:45:21
FP-01-SP1-OCC-TH14;SP1.MW.THK3(SF)1/GB/M;2023-10-26 14:45:21
FP-01-SP1-OCC-PU06-DRSR;SP1.PUL6/DRS/M1;2023-10-26 14:45:21
FP-01-SP1-OCC-PU06-DRSR;SP1.PUL6/DRS/M2;2023-10-26 14:45:21
FP-01-SP1-OCC-PU06;SP1.PUL6/GB/M;2023-10-26 14:45:21
FP-01-SP1-OCC-PU06-HYPG;SP1.PUL6/HYP/M;2023-10-26 14:45:21
FP-01-SP1-OCC-PU06-P073;SP1.PUL6/P1/M;2023-10-26 14:45:21
FP-01-SP1-WRS-T100-P135;SP1.WF.C3/P3/M;2023-10-26 14:45:21
FP-01-PM1-AP1-SR28;PM1.APP1.PS1/M;2023-10-26 14:45:21
FP-01-PM1-AP2-SR29;PM1.APP2.PS1/M;2023-10-26 14:45:21
FP-01-PM1-AP3-SR30;PM1.APP3.PS1/M;2023-10-26 14:45:21
FP-01-PM1-AP4-SR31;PM1.APP4.PS1/M;2023-10-26 14:45:21
FP-01-PM1-AP5-SR32;PM1.APP5.PS1/M;2023-10-26 14:45:21
FP-01-PM1-AP1-T149-A037;PM1.APP1.C(BL)/AGT/M;2023-10-26 14:45:21
FP-01-PM1-AP1-T150-A038;PM1.APP1.C(MC)/AGT/M;2023-10-26 14:45:21
FP-01-PM1-AP2-T154-A039;PM1.APP2.C(BL)/AGT/M;2023-10-26 14:45:21
FP-01-PM1-AP2-T155-A040;PM1.APP2.C(MC)/AGT/M;2023-10-26 14:45:21
FP-01-PM1-AP3-T159-A041;PM1.APP3.C(BL)/AGT/M;2023-10-26 14:45:21
FP-01-PM1-AP3-T160-A042;PM1.APP3.C(MC)/AGT/M;2023-10-26 14:45:21
FP-01-PM1-AP4-T165-A043;PM1.APP4.C(BL)/AGT/M;2023-10-26 14:45:21
FP-01-PM1-AP4-T166-A044;PM1.APP4.C(MC)/AGT/M;2023-10-26 14:45:21
FP-01-PM1-AP5-T170-A045;PM1.APP5.C(BL)/AGT/M;2023-10-26 14:45:21
FP-01-PM1-AP5-T171-A046;PM1.APP5.C(MC)/AGT/M;2023-10-26 14:45:21
FP-01-PM1-AP1-T149-P167;PM1.APP1.C(BL)/P1/M;2023-10-26 14:45:21
FP-01-PM1-AP1-T150-P168;PM1.APP1.C(MC)/P1/M;2023-10-26 14:45:21
FP-01-PM1-AP1-T151-P169;PM1.APP1.SL/P(FN)/M;2023-10-26 14:45:21
FP-01-PM1-AP1-T152-P170;PM1.APP1.T1/P1/M;2023-10-26 14:45:21
FP-01-PM1-AP1-T153-P171;PM1.APP1.T2/P1/M;2023-10-26 14:45:21
FP-01-PM1-AP2-T154-P172;PM1.APP2.C(BL)/P1/M;2023-10-26 14:45:21
FP-01-PM1-AP2-T155-P173;PM1.APP2.C(MC)/P1/M;2023-10-26 14:45:21
FP-01-PM1-AP2-T156-P174;PM1.APP2.SL/P(FN)/M;2023-10-26 14:45:21
FP-01-PM1-AP2-T157-P175;PM1.APP2.T1/P1/M;2023-10-26 14:45:21
FP-01-PM1-AP3-T159-P176;PM1.APP3.C(BL)/P1/M;2023-10-26 14:45:21
FP-01-PM1-AP3-T160-P177;PM1.APP3.C(MC)/P1/M;2023-10-26 14:45:21
FP-01-PM1-AP3-T161-P178;PM1.APP3.SL/P(FN)/M;2023-10-26 14:45:21
FP-01-PM1-AP3-T162-P179;PM1.APP3.T1/P1/M;2023-10-26 14:45:21
FP-01-PM1-AP3-T163-P180;PM1.APP3.T2/P1/M;2023-10-26 14:45:21
FP-01-PM1-AP3-T164-P181;PM1.APP3.T3/P1/M;2023-10-26 14:45:21
FP-01-PM1-AP3-T164-P182;PM1.APP3.T3/P2/M;2023-10-26 14:45:21
FP-01-PM1-AP3-T164-P183;PM1.APP3.T3/P3/M;2023-10-26 14:45:21
FP-01-PM1-AP4-T165-P184;PM1.APP4.C(BL)/P1/M;2023-10-26 14:45:21
FP-01-PM1-AP4-T166-P185;PM1.APP4.C(MC)/P1/M;2023-10-26 14:45:21
FP-01-PM1-AP4-T167-P186;PM1.APP4.SL/P(FN)/M;2023-10-26 14:45:21
FP-01-PM1-AP4-T168-P187;PM1.APP4.T1/P1/M;2023-10-26 14:45:21
FP-01-PM1-AP4-T169-P188;PM1.APP4.T2/P1/M;2023-10-26 14:45:21
FP-01-PM1-AP5-T170-P189;PM1-AP5-T170-P189-M;2023-10-26 14:45:21
FP-01-PM1-AP5-T171-P190;PM1.APP5.C(MC)/P1/M;2023-10-26 14:45:21
FP-01-PM1-AP5-T172-P191;PM1.APP5.SL/P(FN)/M;2023-10-26 14:45:21
FP-01-PM1-AP5-T173-P192;PM1.APP5.T1/P1/M;2023-10-26 14:45:21
FP-01-PM1-AP5-T174-P193;PM1.APP5.T2/P1/M;2023-10-26 14:45:21
FP-01-PM1-AP5-T175-P195;PM1.APP5.T3/P1/M;2023-10-26 14:45:21
FP-01-PM1-VAS-T109-P152;PM1.VAC.T(DLG)1/P1/M;2023-10-26 14:45:21
FP-01-PM1-VAS-T110-P153;PM1.VAC.T(DLG)2/P1/M;2023-10-26 14:45:21
FP-01-PM1-VAS-T111-P154;PM1.VAC.T(DLG)3/P1/M;2023-10-26 14:45:21
FP-01-PM1-VAS-T112-P155;PM1.VAC.T(DLG)4/P1/M;2023-10-26 14:45:21
FP-01-PM1-VAS-T114-P156;PM1.VAC.T(DLG)5/P1/M;2023-10-26 14:45:21
FP-01-PM1-VAS-T116-P157;PM1.VAC.T(DLG)6/P1/M;2023-10-26 14:45:21
FP-01-PM1-VAS-T158-P158;PM1.VAC.T(DLG)7/P1/M;2023-10-26 14:45:21
FP-01-PM1-VAS-T118-P159;PM1.VAC.T(DLG)8/P1/M;2023-10-26 14:45:21
FP-01-PM1-VAS-T119-P160;PM1.VAC.T(DLG)9/P1/M;2023-10-26 14:45:21
FP-01-PM1-VAS-T120-P161;PM1.VAC.VS1/P1/M;2023-10-26 14:45:21
FP-01-PM1-VAS-T121-P162;PM1.VAC.VS2A/P1/M;2023-10-26 14:45:21
FP-01-PM1-VAS-T122-P163;PM1.VAC.VS10/P1/M;2023-10-26 14:45:21
FP-01-PM1-VAS-T123-P164;PM1.VAC.VS5/P1/M;2023-10-26 14:45:21
FP-01-PM1-VAS-T124-P165;PM1.VAC.VS6A/P1/M;2023-10-26 14:45:21
FP-01-PM1-VAS-T125-P166;PM1.VAC.VS6/P1/M;2023-10-26 14:45:21
FP-01-PM1-VAS-T279-P297;PM1.VAC.T(DLG)4A/P1/M;2023-10-26 14:45:21
FP-01-PM1-VAS-VP05;PM1.VAC.VP1/GB/M;2023-10-26 14:45:21
FP-01-PM1-VAS-VP06;PM1.VAC.VP2/M;2023-10-26 14:45:21
FP-01-PM1-VAS-VP07;PM1.VAC.VP3/M;2023-10-26 14:45:21
FP-01-PM1-VAS-VP08;PM1.VAC.VP4/M;2023-10-26 14:45:21
FP-01-PM1-VAS-VP09;PM1.VAC.VP5/M;2023-10-26 14:45:21
FP-01-PM1-VAS-VP10;PM1.VAC.VP6/M;2023-10-26 14:45:21
FP-01-PM1-VAS-VP11;PM1.VAC.VP7/M;2023-10-26 14:45:21
FP-01-PM1-VAS-VP12;PM1.VAC.VP8/M;2023-10-26 14:45:21
FP-01-PM1-VAS-BL02;PM1.VAC.BLW2/M;2023-10-26 14:45:21
FP-01-PM1-VAS-BL03;PM1.VAC.BLW3/M;2023-10-26 14:45:21
FP-01-PM1-VAS-BL04;PM1.VAC.BLW3/M;2023-10-26 14:45:21
FP-01-PM1-VAS-BL05;PM1.VAC.BLW4/M;2023-10-26 14:45:21
FP-01-PM1-VAS-BL06;PM1.VAC.BLW5/M;2023-10-26 14:45:21
FP-01-PM1-STA-T235-A088;CH1.STA.T4/AGT/M;2023-10-26 14:45:21
FP-01-PM1-STA-T237-A089;CH1.STA.T6/AGT/M;2023-10-26 14:45:21
FP-01-PM1-STA-T238-A090;CH1.STA.T7/AGT/M;2023-10-26 14:45:21
FP-01-PM1-STA-T239-A091;CH1.STA.T8/AGT/M;2023-10-26 14:45:21
FP-01-PM1-STA-T243-A095;CH1.STA.T13/AGT/M;2023-10-26 14:45:21
FP-01-PM1-STA-T245-A097;CH1.STA.T15/AGT/M;2023-10-26 14:45:21
FP-01-PM1-STA-T246-A098;CH1.STA.T16/AGT/M;2023-10-26 14:45:21
FP-01-PM1-STA-T238-P241;CH1.STA.T7/P1/M;2023-10-26 14:45:21
FP-01-PM1-STA-T238-P242;CH1.STA.T7/P2/M;2023-10-26 14:45:21
FP-01-PM1-STA-T239-P243;CH1.STA.T8.P1/M;2023-10-26 14:45:21
FP-01-PM1-STA-T239-P245;CH1.STA.T8/P3/M;2023-10-26 14:45:21
FP-01-PM1-STA-T240-P246;CH1.STA.T9/P1/M;2023-10-26 14:45:21
FP-01-PM1-STA-T241-P247;CH1.STA.T10/P1/M;2023-10-26 14:45:21
FP-01-PM1-STA-T243-P251;CH1.STA.T13/P1/M;2023-10-26 14:45:21
FP-01-PM1-STA-T243-P252;CH1.STA.T13/P2/M;2023-10-26 14:45:21
FP-01-PM1-STA-T246-P254;CH1.STA.T16/P1/M;2023-10-26 14:45:21
FP-01-PM1-STA-T246-P255;CH1.STA.T16.P2/M;2023-10-26 14:45:21
FP-01-PM1-STA-T250-P260;PM1.STA.T17/P1/M;2023-10-26 14:45:21
FP-01-PM1-STC-T252-P262;PM1.STC.T(DN)1/P1/M;2023-10-26 14:45:21
FP-01-PM1-STC-T338-P354;PM1.PUMP HOT WATER/M;2023-10-26 14:45:21
FP-01-PM1-STC-T341-P360;PM1.STC.P2/M;2023-10-26 14:45:21
FP-01-PM1-STC-HU01-P361;PM1.STC.DSP./P1/M;2023-10-26 14:45:21
FP-01-PM1-STC-T253-P266;PM1.STC.T(DN)2/P2/M;2023-10-26 14:45:21
FP-01-PM1-STC-T341-P359;PM1.STC.P1/M;2023-10-26 14:45:21
FP-01-PM1-STC-T252-P263;PM1.STC.T(DN)1/P2/M;2023-10-26 14:45:21
FP-01-PM1-STC-T252-VP13;PM1.STC.T(DN)1/VP/M;2023-10-26 14:45:21
FP-01-PM1-STC-T253-P265;PM1.STC.T(DN)2/P1/M;2023-10-26 14:45:21
FP-01-PM1-STC-T254-P267;PM1.STC.T(FL)1/P1/M;2023-10-26 14:45:21
FP-01-PM1-STC-T254-P268;PM1.STC.T(FL)1/P2/M;2023-10-26 14:45:21
FP-01-PM1-STC-T258-P264;PM1.STC.T(DN)1/P3/M;2023-10-26 14:45:21
FP-01-PM1-BRS-T187-A049;PM1.BR.C2/AGT1/M;2023-10-26 14:45:21
FP-01-PM1-BRS-T187-A050;PM1.BR.C2/AGT2/M;2023-10-26 14:45:21
FP-01-PM1-BRS-T188-A051;PM1.BR.C3/AGT/M;2023-10-26 14:45:21
FP-01-PM1-BRS-T189-A052;PM1.BR.C4/AGT1/M;2023-10-26 14:45:21
FP-01-PM1-BRS-T189-A053;PM1.BR.C4/AGT2/M;2023-10-26 14:45:21
FP-01-PM1-BRS-T189-A054;PM1.BR.C4/AGT3/M;2023-10-26 14:45:21
FP-01-PM1-BRS-T190-A055;PM1.BR.C5/AGT1/M;2023-10-26 14:45:21
FP-01-PM1-BRS-T187-P196;PM1.BR.C2/P1/M;2023-10-26 14:45:21
AVLB;PM1.BR.C3/P1/M;2023-10-26 14:45:21
FP-01-PM1-BRS-T189-P198;PM1.BR.C4/P1/M;2023-10-26 14:45:21
FP-01-PM1-BRS-T189-P199;PM1.BR.C4/P2/M;2023-10-26 14:45:21
FP-01-PM1-BRS-T190-A056;PM1.BR.C5/AGT2/M;2023-10-26 14:45:21
FP-01-PM1-BRS-T190-P200;PM1.BR.C5/P1/M;2023-10-26 14:45:21
FP-01-PM1-BRS-T191-P201;PM1.BR.C6/P1/M;2023-10-26 14:45:21
FP-01-PM1-BRS-T191-P202;PM1.BR.C6/P2/M;2023-10-26 14:45:21
FP-01-CH1-COT-SPLY-P331;SUPLY PUMP LATEX XQ/M;2023-10-26 14:45:21
FP-01-PM1-COT-T339-P355;PM1.COT.TWR3/P2/M;2023-10-26 14:45:21
FP-01-PM1-COT-IRD1-BL21;PM1.IRD1.FDF1/M;2023-10-26 14:45:21
FP-01-PM1-COT-IRD1-BL22;PM1.IRD1.FDF2/M;2023-10-26 14:45:21
FP-01-PM1-COT-IRD1-BL23;PM1.IRD1.FDF3/M;2023-10-26 14:45:21
FP-01-PM1-COT-IRD2-BL24;PM1.IRD2.FDF1/M;2023-10-26 14:45:21
FP-01-PM1-COT-IRD2-BL25;PM1.IRD2.FDF2/M;2023-10-26 14:45:21
FP-01-PM1-COT-T206-P207;PM1.COT.T(STA)1/P1/M;2023-10-26 14:45:21
FP-01-PM1-COT-COAT;PM1.COT.BMB2.HP1/M;2023-10-26 14:45:21
FP-01-PM1-COT-COAT;PM1.COT.BMB2.HP2/M;2023-10-26 14:45:21
FP-01-PM1-COT-ATRN-BL09;PM1.AT.FDF/M;2023-10-26 14:45:21
FP-01-PM1-COT-COAT-ACR1;PM1.COT.JB/ACR/GB/M;2023-10-26 14:45:21
FP-01-PM1-COT-COAT-ACR2;PM1.COT.BMB/ACR/GB/M;2023-10-26 14:45:21
FP-01-PM1-COT-HAD1-BL16;PM1.HAD1.FDF/M;2023-10-26 14:45:21
FP-01-PM1-COT-HAD2-BL17;PM1.HAD2.FDF/M;2023-10-26 14:45:21
FP-01-PM1-COT-HAD3-BL18;PM1.HAD3/FDF/M;2023-10-26 14:45:21
FP-01-PM1-COT-HAD3-BL19;PM1.HAD3/IDF/M;2023-10-26 14:45:21
FP-01-PM1-COT-SR33;PM1.COT.VIS1/M;2023-10-26 14:45:21
FP-01-PM1-COT-SR35;PM1.COT.VIS3/M;2023-10-26 14:45:21
FP-01-PM1-COT-SR37;PM1.COT.VIS5/M;2023-10-26 14:45:21
FP-01-PM1-COT-SR43;PM1.COT.ETR 25;2023-10-26 14:45:21
FP-01-PM1-COT-T192-A057;PM1.COT.T/AGT/M;2023-10-26 14:45:21
FP-01-PM1-COT-T193-A058;PM1.COT.T(DIS)/AGT/M;2023-10-26 14:45:21
FP-01-PM1-COT-T194-A059;PM1.COT.T(DST)/AGT/M;2023-10-26 14:45:21
FP-01-PM1-COT-T195-A060;PM1.COT.T(CS)/AGT/M;2023-10-26 14:45:21
FP-01-PM1-COT-T196-A061;PM1.COT.T(LBR)/AGT/M;2023-10-26 14:45:21
FP-01-PM1-COT-T197-A062;PM1.COT.T(OBA)/AGT/M;2023-10-26 14:45:21
FP-01-PM1-COT-T198-A063;PM1.COT.T(HRD)/AGT/M;2023-10-26 14:45:21
FP-01-PM1-COT-T199-A064;PM1.COT.T(ATF)/AGT/M;2023-10-26 14:45:21
FP-01-PM1-COT-T200-A065;PM1.COT.T(STR)/AGT/M;2023-10-26 14:45:21
FP-01-PM1-COT-T201-A066;PM1.COT.T(DYE)/AGT/M;2023-10-26 14:45:21
FP-01-PM1-COT-T202-A067;PM1.COT.T(BIO)/AGT/M;2023-10-26 14:45:21
FP-01-PM1-COT-T204-A069;PM1.COT.T(CMC)2/AGT/M;2023-10-26 14:45:21
FP-01-PM1-COT-T206-A071;PM1.COT.T(STA)1/AGT/M;2023-10-26 14:45:21
FP-01-PM1-COT-T207-A072;PM1.COT.T(STA)2AGT/M;2023-10-26 14:45:21
FP-01-PM1-COT-T208-A073;PM1.COT.T(DEL)/AGT/M;2023-10-26 14:45:21
FP-01-PM1-COT-T209-A074;PM1.COT.T1/AGT/M;2023-10-26 14:45:21
FP-01-PM1-COT-T210-A075;PM1.COT.T4/AGT/M;2023-10-26 14:45:21
FP-01-FN1-CUT-SC05-5CU1-CC01;FN1.SC05.5CU1/CC01/M;2023-10-26 14:45:21
FP-01-PM1-COT-T213-A078;PM1.COT.T2/AGT/M;2023-10-26 14:45:21
FP-01-PM1-COT-T214-A079;PM1.COT.T3/AGT/M;2023-10-26 14:45:21
FP-01-PM1-COT-T209-P209;PM1.COT.T1/P(MN)1/M;2023-10-26 14:45:21
FP-01-PM1-COT-T211-P212;PM1.COT.T5/P1/M;2023-10-26 14:45:21
FP-01-PM1-COT-T212-P214;PM1.COT.T6/P(MN)1/M;2023-10-26 14:45:21
FP-01-PM1-COT-T212-P215;PM1.COT.T6/P(MN)2/M;2023-10-26 14:45:21
FP-01-PM1-EFF-T265-P276;PM1.EFF.PIT2/P1/M;2023-10-26 14:45:21
FP-01-PM1-HOO-BUR2-BL11;PM1.HOO.BUR2/FDF/M;2023-10-26 14:45:21
FP-01-PM1-HOO-ECO1-BL12;PM1.HOO.ECO1/FDF/M;2023-10-26 14:45:21
FP-01-PM1-HOO-ECO1-BL13;PM1.HOO.ECO1/IDF/M;2023-10-26 14:45:21
FP-01-PM1-HOO-ECO2-BL14;PM1.HOO.ECO2/FDF/M;2023-10-26 14:45:21
FP-01-PM1-HOO-BL20;PM1.HOO.IDF1/M;2023-10-26 14:45:21
FP-01-PM1-LUB-T267-P280;PM1.LUB.T2/P2/M;2023-10-26 14:45:21
FP-01-PM1-LUB-T269-P283;PM1.LUB.T4/P1/M;2023-10-26 14:45:21
FP-01-PM1-LUB-T269-P284;PM1.LUB.T4/P2/M;2023-10-26 14:45:21
FP-01-PM1-LUB-T270-P285;PM1.LUB.T5/P1/M;2023-10-26 14:45:21
FP-01-PM1-LUB-T270-P286;PM1.LUB.T5/P2/M;2023-10-26 14:45:21
FP-01-PM1-LUB-T272-P289;PM1.LUB.T7/P1/M;2023-10-26 14:45:21
FP-01-PM1-LUB-T272-P290;PM1.LUB.T7/P2/M;2023-10-26 14:45:21
FP-01-PM1-MCS-BL08;PM1.MCS.BLW2/M;2023-10-26 14:45:21
FP-01-PM1-WRS-T102-P138;PM1.SWR.C1/P1/M;2023-10-26 14:45:21
FP-01-PM1-WRS-T102-P139;PM1.SWR.C1/P2/M;2023-10-26 14:45:21
FP-01-PM1-WRS-T102-P140;PM1.SWR.C1/P3/M;2023-10-26 14:45:21
FP-01-SP1-ONP-T260-P292;SP1.ONP/T(SW)/P/M;2023-10-26 14:45:21
FP-01-PM1-WRS-T102-P142;PM1.SWR.C1/P5/M;2023-10-26 14:45:21
FP-01-PM1-WRS-T105-P145;PM1.CWR.T2.P1/M;2023-10-26 14:45:21
FP-01-PM1-WRS-T105-P146;PM1.CWR.T2/P2/M;2023-10-26 14:45:21
FP-01-PM1-COT-T211-P213;PM1.COT.T5/P2/M;2023-10-26 14:45:21
FP-01-PM1-WET-FOR1-EV02;PM1.F1.HB/ER2/GM/M;2023-10-26 14:45:21
FP-01-PM1-WET-FORM;PM1.WET.FORM/M;2023-10-26 14:45:21
FP-01-PM1-LUB-T268-P269;PM1.LUB.T3/P3/M;2023-10-26 14:45:21
FP-01-PM1-LUB-T268-P270;PM1.LUB.T3/P4/M;2023-10-26 14:45:21
FP-01-PM1-WET-FOR1-EV01;PM1.F1.HB/ER1/GM/M;2023-10-26 14:45:21
AVLB;PM1.EFF/T264/P275.M;2023-10-26 14:45:21
FP-01-PM1-EFF-T264-P274;PM1.EFF.PIT1/P1/M;2023-10-26 14:45:21
FP-01-PM1-HOO-ECO2-BL15;PM1.HOO.ECO2/IDF/M;2023-10-26 14:45:21
FP-01-PM1-HOO-BL28;PM1.EXHAUST FAN 2/M;2023-10-26 14:45:21
FP-01-PM1-WET-FOR4-HB04;PM1.F4.HB/SW(R)/GM/M;2023-10-26 14:45:21
FP-01-PM1-MCS-BL07;PM1.MCS.BLW1/M;2023-10-26 14:45:21
FP-01-PM1-HOO-BL27;PM1.EXHAUST FAN 1/M;2023-10-26 14:45:21
FP-01-PM1-HOO-BUR1-BL10;PM1.HOO.BUR1/FDF/M;2023-10-26 14:45:21
FP-01-PM1-REL-PPRL;PM1.PPR.ARMS/GB/M;2023-10-26 14:45:21
FP-01-PM1-WRS-T101-P136;PM1.SWR.T1/P1/M;2023-10-26 14:45:21
FP-01-PM1-WRS-T101-P137;PM1.SWR.T1/P2/M;2023-10-26 14:45:21
FP-01-PM1-WRS-T105-P147;PM1.CWR.T2/P3/M;2023-10-26 14:45:21
FP-01-PM1-WRS-T105-P148;PM1.CWR.T2/P4/M;2023-10-26 14:45:21
FP-01-PM1-WRS-T105-P149;PM1.CWR.T2/P5/M;2023-10-26 14:45:21
FP-01-PM1-WRS-FOR1;PM1.F1.SW(O)2/M;2023-10-26 14:45:21
FP-01-PM1-WRS-FOR3;PM1.F3.SW(O)2/M;2023-10-26 14:45:21
FP-01-PM1-PMA-CRN1-HST1;PM1.CRN.DEMAG 10T(U)/GB/M;2023-10-26 14:45:21
FP-01-PM1-PMA-CRN1-HST2;PM1.CRN.DEMAG 10T(S)/GB/M;2023-10-26 14:45:21
;PM1.LUB.T1/P1/M;2023-10-26 14:45:21
FP-01-PM1-COT-T211-A076;PM1.COT.T5/AGT/M;2023-10-26 14:45:21
FP-01-PM1-COT-T204-P206;PM1.COT.T(CMC)1/P1/M;2023-10-26 14:45:21
FP-01-PM1-COT-CRN1-HST1;PM1.CRN.HTC 2T/GB/M;2023-10-26 14:45:21
FP-01-PM1-COT-CRN2-HST1;PM1.CRN.DEMAG 1.6T/GB/M;2023-10-26 14:45:21
FP-01-PM1-COT-T192-P363;PM1.COT.T(BIN)/P1;2023-10-26 14:45:21
FP-01-PM1-COT-SR44;PM1.COT.ETR 26;2023-10-26 14:45:21
FP-01-PM1-STA-T241-A093;CH1.STA.T10/AGT/M;2023-10-26 14:45:21
FP-01-PM1-STC-T261-P249;PM1.STC.SLCR/P1/M;2023-10-26 14:45:21
FP-01-FN1-CUT-RWD1;FIN1.YUELI.BLW(TRIM)/M;2023-10-26 14:45:21
FP-01-FN1-CUT-SC05-5CU1-BL04;FN1.SC05.5CU1.BL04/M;2023-10-26 14:45:21
FP-01-FN1-CUT-RWD1;FIN1.YUELI.UNWINDER/BLW DC/M;2023-10-26 14:45:21
FP-01-FN1-CUT-RWD1;FIN1.YUELI.UNWINDER/M;2023-10-26 14:45:21
FP-01-FN1-CUT-SC01-CRN1-HST1;SIMPLEX 1.9/HOISKONE 3.2T/GB/M;2023-10-26 14:45:21
FP-01-FN1-CUT-SC02-CRN1-HST1;SIMPLEX 2.6/HOISDEMAG 4T/GB/M;2023-10-26 14:45:21
FP-01-FN1-CUT-SC02;SIMPLEX 2.6/LAYBOY/BLW2/M;2023-10-26 14:45:21
FP-01-FN1-CUT-SC02;SIMPLEX 2.6/MAIN M/M;2023-10-26 14:45:21
FP-01-FN1-LUB-T353-P376;SIMPLEX 2.6/T(OS)/P1/M;2023-10-26 14:45:21
FP-01-FN1-CUT-SC03;SIMPLEX 2.8/BLW(TRIM)/M;2023-10-26 14:45:21
FP-01-FN1-CUT-SC03-CRN1-HST1;SIMPLEX 2.8/HOIS DEMAG 5T/GB/M;2023-10-26 14:45:21
FP-01-FN1-CUT-SC03;SIMPLEX 2.8/LAYBOY/BLW/M;2023-10-26 14:45:21
FP-01-FN1-CUT-SC03;SIMPLEX 2.8/MAIN M/M;2023-10-26 14:45:21
FP-01-FN1-LUB-T354-P378;SIMPLEX 2.8/T(OS)/P1/M;2023-10-26 14:45:21
FP-01-FN1-CUT-SC04;DUPLEX 3.6/BLW DC/M;2023-10-26 14:45:21
FP-01-FN1-CUT-SC04;DUPLEX 3.6/VAC BLW/M;2023-10-26 14:45:21
FP-01-FN1-CUT-SC04-CRN1-HST1;DUPLEX 3.6/HOIST 1 KONE 8T/GB;2023-10-26 14:45:21
FP-01-FN1-CUT-SC04-CRN1-HST2;DUPLEX 3.6/HOIST 2 KONE 8T/GB;2023-10-26 14:45:21
FP-01-FN1-CUT-SC04;DUPLEX 3.6/MAIN GB/M;2023-10-26 14:45:21
FP-01-FN1-CUT-SC04;DUPLEX 3.6/SLIT (BT)/M;2023-10-26 14:45:21
FP-01-FN1-CUT-WRP1;WRAPPING 1/OPTR TABLE/M;2023-10-26 14:45:21
FP-01-FN1-CUT-WRP2;WRAPPING 2/HP4-17/M;2023-10-26 14:45:21
FP-01-FN1-CUT-WRP2;WRAPPING 2/HP4-18/M;2023-10-26 14:45:21
FP-01-FN1-CUT-WRP1;WRAPPING 1/HP4-13/M;2023-10-26 14:45:21
FP-01-FN1-CUT-WRP1;WRAPPING 1/HP4-14/M;2023-10-26 14:45:21
FP-01-FN1-HYD-T351-P373;FN1.HYD.CUT.SC03/UN.W/HP4-02/M;2023-10-26 14:45:21
FP-01-FN1-CUT-SC04;DUPLEX 3,6/HP4-03/M;2023-10-26 14:45:21
FP-01-FN1-CUT-RWD1;FIN1.YUELI.CRANE DEMAG 8T/LT/M-Ut;2023-10-26 14:45:21
FP-01-FN1-CUT-RWD1;FIN1.YUELI.CRANE DEMAG 8T/LT/M-Se;2023-10-26 14:45:21
FP-01-FN1-HYD-T350-P372;FN1.HYD.SC02/LIFT.TBLE/HP4-01B;2023-10-26 14:45:21
FP-01-FN1-HYD-T350-P371;FN1.HYD.SC02/LIFT.TBLE/HP4-01A;2023-10-26 14:45:21
FP-01-FN1-CUT-SC02;SIMPLEX 2.6/C.DEMAG 4T/LT/M;2023-10-26 14:45:21
FP-01-FN1-HYD-T352-P374;FN1.HYD.SC03/LIFT.TBLE/HP4-03A;2023-10-26 14:45:21
FP-01-FN1-HYD-T352-P375;FN1.HYD.SC03/LIFT.TBLE/HP4-03B;2023-10-26 14:45:21
FP-01-FN1-CUT-SC03;SIMPLEX 2.8/C.DEMAG 5T/LT/M;2023-10-26 14:45:21
FP-01-FN1-CUT-SC04;DUPLEX 3.6/C.HOIST KONE 15T/M;2023-10-26 14:45:21
FP-01-FN1-CUT-SC04;DUPLEX 3.6/C.KONE 15T/LT/M1(N);2023-10-26 14:45:21
FP-01-FN1-CUT-SC04;DUPLEX 3.6/KONE 15T/LT/M2(S)/M;2023-10-26 14:45:21
FP-01-FN1-PRS-BALL;FIN1.BALLING PRESS/HYD.PMP/M;2023-10-26 14:45:21
FP-01-FN1-CUT-RWD1;FIN1.YULIE.PAPER ROLL DRIVE/M;2023-10-26 14:45:21
FP-01-FN1-CUT-SC04;DUPLEX 3.6/BLW(TRIM)/M;2023-10-26 14:45:21
FP-01-FN1-CUT-SC03;SIMPLEX 2.8/LAYBOY/BLW DS/M;2023-10-26 14:45:21
FP-01-FN1-CUT-SC03;SIMPLEX 2.8/LAYBOY/BLW TS/M;2023-10-26 14:45:21
FP-01-FN1-CUT-WRPR-CRN1;FIN1.WRPR.CRN.5TON/GB/M;2023-10-26 14:45:21
FP-01-FN1-CUT-WRP3-FC01-RC01;FN1.WRP3.FC01.RC01/R1/GM/M;2023-10-26 14:45:21
FP-01-FN1-CUT-WRP3-FD01-WFR1;FN1.WRP3.FD01.WFR1/R/GM/M;2023-10-26 14:45:21
FP-01-FN1-CUT-WRP3-SF01-RC18;FN1.WRP3.SF01.RC18/R1/GM/M;2023-10-26 14:45:21
FP-01-FN1-HYD-T356-P377;FN1.HYD.WRP3.T356.P377/P/M;2023-10-26 14:45:21
FP-01-FN1-CUT-WRP3-SS01-LF03;FN1.WRP3.SS01.LF03/L.CN/GM-M;2023-10-26 14:45:21
FP-01-FN1-CUT-WRP3-SS01-LF02;FN1.WRP3.SS01.LF02/LIFTER/GM-M;2023-10-26 14:45:21
FP-01-FN1-CUT-WRP3-SS01-LF03;FN1.WRP3.SS01.LF03/LIFTER/GM/M;2023-10-26 14:45:21
FP-01-FN1-CUT-WRP3-SD01-CN4A;FN1.WRP3.SD01.CN4A/FS/GM/M;2023-10-26 14:45:21
FP-01-FN1-CUT-WRP3-GD01-RWS1;FN1.WRP3.GD01.RWS1/R.UN/GM/M;2023-10-26 14:45:21
FP-01-FN1-CUT-WRP3-GD01-RWS2;FN1.WRP3.GD01.RWS2/R.UN/GM/M;2023-10-26 14:45:21
FP-01-FN1-CUT-WRP3-FD01-TRC1;FN1.WRP3.FD01.TRC1/TRIM/GM-M;2023-10-26 14:45:21
FP-01-FN1-CUT-WRP2;FN1.CUT.WRP2.PENDAYUNG/M;2023-10-26 14:45:21
FP-01-FN1-CUT-SC05-3DU1-DJ1A;FN1.SC05.3DU1/DJ1A/GM/M;2023-10-26 14:45:21
FP-01-FN1-CUT-SC05-3DU1-DJ1B;FN1.SC05.3DU1/DJ1B/GM/M;2023-10-26 14:45:21
FP-01-FN1-CUT-SC05-4DU2-DJ2A;FN1.SC05.4DU2/DJ1B/GM/M;2023-10-26 14:45:21
FP-01-FN1-CUT-SC05-4DU2-DJ2B;FN1.SC05.4DU2/DJ2B/GM/M;2023-10-26 14:45:21
FP-01-FN1-CUT-SC05-5CU1-MD01;FN1.SC05.5CU1/MD01/M.FAN;2023-10-26 14:45:21
FP-01-FN1-CUT-SC05-5CU1-CC02;FN1.SC05.5CU1/CC02/M.FAN;2023-10-26 14:45:21
FP-01-FN1-CUT-SC05-5CU1-CC01;FN1.SC05.5CU1/CC01/M.FAN;2023-10-26 14:45:21
FP-01-FN1-CUT-SC05-6CN2-BL02;FN1.SC05.6CN2/BL02/M;2023-10-26 14:45:21
FP-01-FN1-CUT-SC05-6CN2-SB01;FN1.SC05.6CN2/SB01/GM/M;2023-10-26 14:45:21
FP-01-FN1-CUT-SC05-6CN2-TF01;FN1.SC05.6CN2/TF01/GM/M;2023-10-26 14:45:21
FP-01-FN1-CUT-SC05-6CN2-LF01;FN1.SC05.6CN2/LF01/GM/M;2023-10-26 14:45:21
FP-01-FN1-CUT-SC05-6CN2-BL03;FN1.SC05.6CN2/BL03/M;2023-10-26 14:45:21
FP-01-PM1-CAL-CAL3-CYL1;PM1.GC.CYL/DO/M;2023-10-26 14:45:21
FP-01-PM1-COT-COAT-BKR1;PM1.COT.JB/BKR/GB/M;2023-10-26 14:45:21
FP-01-PM1-COT-FU05;PM1.COT.FIC2/GM/M;2023-10-26 14:45:21
FP-01-PM1-STA-T250-A113;PM1.STA.T17/A/M;2023-10-26 14:45:21
FP-01-PM1-COT-T212-A077;PM1.COT.T6/AGT/M;2023-10-26 14:45:21
FP-01-PM1-LUB-T268;PM1.LUB.T3/OFF.LINE/P/M;2023-10-26 14:45:21
FP-01-SP1-WRS-T098-P130;SP1.WF.C1/P5/M;2023-10-26 14:45:21
FP-01-SP1-WRS-T098-P126;SP1.WF.C1/P1/M;2023-10-26 14:45:21
FP-01-SP1-CLD-T021-P032;SP1.CL.C19/P1/M;2023-10-26 14:45:21
FP-01-SP1-BKP-T095-P124;SP1.BK.C2/P1/M;2023-10-26 14:45:21
FP-01-SP1-WRS-T099-P132;SP1.WF.C2/P2/M;2023-10-26 14:45:21
FP-01-SP1-WRS-T099-P131;SP1.WF.C2/P1/M;2023-10-26 14:45:21
FP-01-SP1-WRS-T100-P134;SP1.WF.C3/P2/M;2023-10-26 14:45:21
FP-01-SP1-WRS-T098-P129;SP1.WF.C1/P4/M;2023-10-26 14:45:21
FP-01-SP1-WRS-T100-P133;SP1.WF.C3/P1/M;2023-10-26 14:45:21
FP-01-SP1-WRS-T098-P128;SP1.WF.C1/P3/M;2023-10-26 14:45:21
FP-01-PM1-LUB-T267-P279;PM1.LUB.T2/P1/M;2023-10-26 14:45:21
FP-01-SP1-OCC-T103-A019;SP1.MW.C5A/AGT2/M;2023-10-26 14:45:21
FP-01-PM1-WET-FOR4;PM1.COT.FLC/CTM;2023-10-26 14:45:21
FP-01-CH1-WGS-T300-P324;CH1.WG.T1&2/P1/M;2023-10-26 14:45:21
FP-01-SP1-EFF-T263-P273;SP1.EFF.PIT2/P1/M;2023-10-26 14:45:21
FP-01-PM1-WET-HP02-FR03;PM1.HP2.FR3(S)/M;2023-10-26 14:45:21
FP-01-SP1-OCC-T117-P085;SP1.MW.T8/P2/M;2023-10-26 14:45:21
FP-01-SP1-OCC-T117-P356;SP1.MW.T8/P3/M;2023-10-26 14:45:21
FP-01-SP1-OCC-T117-P078;SP1.MW.T8/P1/M;2023-10-26 14:45:21
FP-01-SP1-MXW-T051-P068;SP1.MW.T3P1/M;2023-10-26 14:45:21
FP-01-SP1-MXW-CN05;SP1.CON5/GB/M;2023-10-26 14:45:21
FP-01-CH1-ALM-T289-P309;CH1.ALM.T2/P1/M;2023-10-26 14:45:21
FP-01-CH1-ALM-T289-P310;CH1.ALM.T2/P2/M;2023-10-26 14:45:21
FP-01-CH1-DIN-T291-P313;CH1.DIN.T1/P1/M;2023-10-26 14:45:21
FP-01-CH1-CLA-T294-P317;CH1.CLA.T2/P1/M(CLARIFLOCK);2023-10-26 14:45:21
FP-01-CH1-HPO-T295-P319;CH1.HPO.T1/P2/M;2023-10-26 14:45:21
FP-01-CH1-CSD-T296-P320;CH1.CS.T2/P(DS)1/M;2023-10-26 14:45:21
FP-01-CH1-CSD-T296-P321;CH1.CS.T2/P(DS)2/M;2023-10-26 14:45:21
FP-01-CH1-WGS-T297-P322;CH1.WG.T3/P1/M;2023-10-26 14:45:21
FP-01-CH1-ALM-T289-A100;CH1.ALM.T2/AGT/M;2023-10-26 14:45:21
FP-01-CH1-CLA-T293-A102;CH1.CLA.T1/AGT/GM(CLARIFLOCK);2023-10-26 14:45:21
FP-01-CH1-WGS-T297-A106;CH1.WG.T3/AGT/M;2023-10-26 14:45:21
FP-01-CH1-ALM-T301-P325;CH1.ALM.T1/P1/M;2023-10-26 14:45:21
FP-01-CH1-STA-T325-P344;CH1.CM1&2/P2/M(STORAGE TANK);2023-10-26 14:45:21
FP-01-CH1-STA-T324-A108;CH1.CM1$2 AGT/M;2023-10-26 14:45:21
FP-01-CH1-STA-T233-A086;CH1.STA.T2/AGT/M;2023-10-26 14:45:21
FP-01-CH1-STA-T234-A087;CH1.STA.T3/AGT/M;2023-10-26 14:45:21
FP-01-CH1-STA-T233-P237;CH1.STA.T2/P1/M;2023-10-26 14:45:21
FP-01-CH1-STA-T233-P238;CH1.STA.T2/P2;2023-10-26 14:45:21
FP-01-CH1-STA-T234-P239;CH1.STA.T3/P1/M;2023-10-26 14:45:21
FP-01-CH1-STA-T234-P240;CH1.STA.T3/P2/M;2023-10-26 14:45:21
FP-01-CH1-STA-T328-P349;CH1.NEW STORAGE.T/P1/M;2023-10-26 14:45:21
FP-01-CH1-STA-T324-P341;CH1.CM1&2/P1/M(MIXING TANK);2023-10-26 14:45:21
FP-01-CH1-STA-T232-P236;CH1.STA.T1/P1/M;2023-10-26 14:45:21
FP-01-SP1-EFF-P347;SP1.EFF.T347.P347/M;2023-10-26 14:45:21
FP-01-PM1-DRY-GRP1-DC03;PM1.G1.DYC3/DR;2023-10-26 14:45:21
FP-01-PM1-DRY-GRP1-DC04;PM1.G1.DYC4/DR;2023-10-26 14:45:21
FP-01-PM1-DRY-GRP1-DC05;PM1.G1.DYC5/DR;2023-10-26 14:45:21
FP-01-PM1-DRY-GRP2-DC08;PM1.G2.DYC8/DR;2023-10-26 14:45:21
FP-01-PM1-DRY-GRP2-DC12;PM1.G2.DYC12/DR;2023-10-26 14:45:21
FP-01-PM1-DRY-GRP2-DC14;PM1.G2.DYC14/DR;2023-10-26 14:45:21
FP-01-PM1-PMA-CRN1-LTR1;PM1.CRN.DEMAG 10T(U)/LT1/GM;2023-10-26 14:45:21
FP-01-PM1-PMA-CRN1-LTR2;PM1.CRN.DEMAG 10T(S)/LT2/GM;2023-10-26 14:45:21
FP-01-PM1-PMA-CRN1-XTR1;PM1.CRN.DEMAG 10T(U)/CT1/GM;2023-10-26 14:45:21
FP-01-CH1-COT-SPLY-P334;SUPLY PUMP FMT 60/M;2023-10-26 14:45:21
FP-01-CH1-COT-T219-P220;PM1.COT.T(CA)3/P1/M;2023-10-26 14:45:21
FP-01-CH1-COT-T315-P330;PM1.COT.T(CACO3)/(FMT)/P1/M;2023-10-26 14:45:21
FP-01-CH1-COT-T215-P216;PM1.COT.T(LX)1/P(MN)1/M;2023-10-26 14:45:21
FP-01-CH1-COT-T216-P219;PM1.COT.T(LX)2/P(MN)2/M;2023-10-26 14:45:21
FP-01-CH1-COT-T216-P218;PM1.COT.T(LX)2/P(MN)1/M;2023-10-26 14:45:21
FP-01-CH1-COT-T220-A083;PM1.COT.T(CA)4/AGT/M;2023-10-26 14:45:21
FP-01-CH1-COT-T217-A080;PM1.COT.T(CA)1/AGT/GM;2023-10-26 14:45:21
FP-01-CH1-COT-T218-A081;PM1.COT.T(CA)2/AGT/M;2023-10-26 14:45:21
FP-01-CH1-ALM-T301-P326;CH1.ALM.T1/P2/M;2023-10-26 14:45:21
FP-01-SP1-EFF-T262-P272;SP1.EFF.PIT1/P2/M;2023-10-26 14:45:21
FP-01-SP1-WRS-T098-P127;SP1.WF.C1/P2/M;2023-10-26 14:45:21
FP-01-SP2-NDL-T029-A013;SP2.ND.C4/AGT2/M;2023-10-26 14:45:21
FP-01-SP2-NDL-T020-P031;SP2.ND.C2/P1/M;2023-10-26 14:45:21
FP-01-SP2-NDL-T020-A011;SP2.ND.C2/AGT/M;2023-10-26 14:45:21
FP-01-SP1-OCC-T045-A015;SP1.MW.C1/AGT/GB/M;2023-10-26 14:45:21
FP-01-SP2-OCC-T019-P030;SP2.OC.C1/P1/M;2023-10-26 14:45:21
FP-01-PM1-DRY-SZPR-SPRB;PM1.SP.R(BT)/GB/M;2023-10-26 14:45:21
FP-01-PM1-WET-FOR1-FR01;PM1.F1.FR1(S)/M;2023-10-26 14:45:21
FP-01-SP1-CLD-TH24-P387;SP.CLD.PPM300/P1/M;2023-10-26 14:45:21
FP-01-SP1-CLD-TH24-P388;SP.CLD.PPM300/P2/M;2023-10-26 14:45:21
FP-01-SP1-CPO-TH02;SP1.CP.THK2A/GM;2023-10-26 14:45:21
FP-01-PM1-WET-PRS2-TCRB;PM1.P2.BOTT.SW(O)2/M;2023-10-26 14:45:21
FP-01-FN1-PRS-BALL;FIN1.BALLING PRESS/HYD.PMP/M;2023-10-26 14:45:21
FP-01-CH1-COT-T334-A112;PM1.COT.T(LX)3/AGT/GM;2023-10-26 14:45:21
FP-01-FN1-CUT-WRPR;WRAPPING ROLL/TABLE 1/RL/GM;2023-10-26 14:45:21
FP-01-FN1-CUT-WRPR;WRAPPING ROLL/TABLE 3 TS/GM;2023-10-26 14:45:21
FP-01-FN1-CUT-WRPR;WRAPPING ROLL/TABLE 3 DS/GM;2023-10-26 14:45:21
FP-01-FN1-CUT-WRPR;WRAPPING ROLL/UNW SAMPUL/GM;2023-10-26 14:45:21
FP-01-FN1-CUT-WRP3-SS01-LF03;FN1.WRP3.SS01.LF03/L.CN/GM;2023-10-26 14:45:21
FP-01-FN1-CUT-WRP2;WRAPPING 2/MEJA SAMPUL/GM1;2023-10-26 14:45:21
FP-01-FN1-CUT-WRP2;WRAPPING 2/X-CUTTER/GM;2023-10-26 14:45:21
FP-01-FN1-CUT-WRP2;WRAPPING 2/MEJA SAMPUL/RL1/GM;2023-10-26 14:45:21
FP-01-FN1-CUT-WRP2;WRAPPING 2/PUSHER 1/GM;2023-10-26 14:45:21
FP-01-FN1-CUT-WRP2;WRAPPING 2/PADDLE SHEET/GM1;2023-10-26 14:45:21
FP-01-PM1-WET-FOR5-FR04;PM1.F5.FR4(S)/GB/M;2023-10-26 14:45:21
FP-01-PM1-WET-FOR1-FR01;PM1.F1.FR1/GB/M;2023-10-26 14:45:21
FP-01-PM1-WRS-FOR1;PM1.F1.SW(O)1/M;2023-10-26 14:45:21
FP-01-PM1-WRS-FOR2;PM1.F2.SW(O)2/M;2023-10-26 14:45:21
FP-01-PM1-WRS-FOR3;PM1.F3.SW(O)1/M;2023-10-26 14:45:21
FP-01-CH1-STA-T325-P343;CH1.CM1&2/P1/M(STORAGE TANK);2023-10-26 14:45:21
FP-01-FN1-CUT-SC02;SIMPLEX 2.6/UNW 1 TS/GM1;2023-10-26 14:45:21
FP-01-FN1-CUT-SC02;SIMPLEX 2.6/UNW 1 DS/GM1;2023-10-26 14:45:21
FP-01-FN1-CUT-SC02;SIMPLEX 2.6/UNW 2 DS/GM1;2023-10-26 14:45:21
FP-01-FN1-CUT-SC02;SIMPLEX 2.6/UNW 2 TS/GM1;2023-10-26 14:45:21
FP-01-FN1-CUT-RWD1;FIN1.YUELI.UNW/GM;2023-10-26 14:45:21
FP-01-PM1-CAL-CAL3-CYL1;PM1.GC.CYL/GB/M;2023-10-26 14:45:21
FP-01-CH1-COT-T315-A107;PM1.COT.T(CACO3)/(FMT)/AGT/GM;2023-10-26 14:45:21
FP-01-CH1-HPO-T295-P318;CH1.HPO.T1/P1/M;2023-10-26 14:45:21
FP-01-CH1-ALM-T290-P311;CH1.ALM.T3/P1/M;2023-10-26 14:45:21
FP-01-CH1-DIN-T291-A101;CH1.DIN.T1/AGT/M;2023-10-26 14:45:21
FP-01-CH1-CLA-T293-P316;CH1.CLA.T1/P1/M(CLARIFLOCK);2023-10-26 14:45:21
FP-01-CH1-CSD-T283-P303;CH1.CS.T3/P1/M;2023-10-26 14:45:21
FP-01-CH1-WGS-T286-P306;CH1.WG.T5/P(DS)1/M;2023-10-26 14:45:21
FP-01-SP1-CLD-TH19;SP1.CL.THK2/SW(O)/GM;2023-10-26 14:45:21
FP-01-SP1-CPO-TH01;SP1.CP.THK1/SW(O)/GM;2023-10-26 14:45:21
FP-01-PM1-WRS-FOR5;PM1.F5.SW(O)2/M;2023-10-26 14:45:21
FP-01-FN1-CUT-RWD1;FIN1.YUELI.RDR/M;2023-10-26 14:45:21
FP-01-FN1-CUT-RWD1;FIN1.YUELI.FDR/BLW DC/M;2023-10-26 14:45:21
FP-01-FN1-CUT-RWD1;FIN1.YUELI.FDR/M;2023-10-26 14:45:21
FP-01-FN1-CUT-RWD1;FIN1.YUELI.RDR/BLW DC/M;2023-10-26 14:45:21
FP-01-FN1-CUT-SC05-6CN2-SB02;FN1.SC05.6CN2/SB02/GM/M;2023-10-26 14:45:21
FP-01-FN1-HYD-T360-P383;FN1.HYD.T360-P383/M;2023-10-26 14:45:21
FP-01-FN1-HYD-T360-P384;FN1.HYD.T360-P384/M;2023-10-26 14:45:21
FP-01-PM1-WET-FOR2-CM01;PM1.F2.CM01/GB/M;2023-10-26 14:45:21
FP-01-PM1-DRY-GRP4;PM1.G4.GB/M;2023-10-26 14:45:21
FP-01-PM1-CAL-CAL1-TPR1;PM1.MC.R(TP)/GB/M;2023-10-26 14:45:21
FP-01-PM1-CAL-CAL3-TCR2;PM1.GC.TCR2/GB/M;2023-10-26 14:45:21
FP-01-PM1-CAL-CAL3-TCR1;PM1.GC.TCR1/GB/M;2023-10-26 14:45:21
FP-01-PM1-DRY-CCYL;PM1.CCY.CYL/GB/M;2023-10-26 14:45:21
FP-01-PM1-WET-PRS3-PSRB;PM1.P3.PSR(BT)/GB/M;2023-10-26 14:45:21
FP-01-PM1-DRY-GRP2;PM1.G2.GB/M;2023-10-26 14:45:21
FP-01-PM1-DRY-GRP6;PM1.G6.GB/M;2023-10-26 14:45:21
FP-01-PM1-REL-PPRL-CYL1;PM1.PPR.CYL/GB/M;2023-10-26 14:45:21
FP-01-PM1-DRY-GRP1;PM1.G1.GB/M;2023-10-26 14:45:21
FP-01-PM1-DRY-GRP3;PM1.G3.GB/M;2023-10-26 14:45:21
FP-01-PM1-DRY-GRP5;PM1.G5.GB/M;2023-10-26 14:45:21
FP-01-PM1-DRY-SZPR-SPRT;PM1.SP.R(TP)/GB/M;2023-10-26 14:45:21
FP-01-PM1-WET-FOR4-CM01;PM1.F4.CM01/GB/M;2023-10-26 14:45:21
FP-01-PM1-WET-FOR1-CM01;PM1.F1.CM01/GB/M;2023-10-26 14:45:21
FP-01-PM1-WET-HP02-TCR2;PM1.P2.CRR(S)/GB/M;2023-10-26 14:45:21
FP-01-PM1-WET-HP01-TCR1;PM1.HP1.TCR1/GB/M;2023-10-26 14:45:21
FP-01-PM1-WET-PRS1-PSRB;PM1.P1.SR(BT)/GB/M;2023-10-26 14:45:21
FP-01-PM1-WET-PRS2-CRR1;PM1.P2.CRR(S)/GB/M;2023-10-26 14:45:21
FP-01-PM1-WET-PRS2-TCRB;PM1.P2.TCR(BT)/GB/M;2023-10-26 14:45:21
FP-01-PM1-WET-PRS3-PSRT;PM1.P3.PSR(TP)/GB/M;2023-10-26 14:45:21
FP-01-PM1-WRS-FOR2;PM1.F2.SW(O)1/M;2023-10-26 14:45:21
FP-01-PM1-WRS-FOR4;PM1.F4.SW(O)1/M;2023-10-26 14:45:21
FP-01-PM1-WRS-FOR5;PM1.F5.SW(O)1/M;2023-10-26 14:45:21
FP-01-PM1-WET-PRS1-PSRT;PM1.P1.SR(TP)/GB/M;2023-10-26 14:45:21
FP-01-PM1-CAL-CAL2;PM1.HMC.R(TP)/GB/M;2023-10-26 14:45:21
FP-01-PM1-WET-FOR5-CM01;PM1.F5.CM01/GB/M;2023-10-26 14:45:21
FP-01-PM1-WET-FOR3-CM01;PM1.F3.CM01/GB/M;2023-10-26 14:45:21
FP-01-FN1-CUT-WRP1;WRAPPING 1/BELT CON6/GM;2023-10-26 14:45:21
FP-01-FN1-LUB-T355-P379;DUPLEX 3.6/T1(OS)/P1/M;2023-10-26 14:45:21
FP-01-FN1-CUT-WRP1;WRAPPING 1/PADDLE SHEET/GM1;2023-10-26 14:45:21
FP-01-FN1-LUB-T355-P380;DUPLEX 3.6/T1(OS)/P2/M;2023-10-26 14:45:21
FP-01-FN1-CUT-SC04;DUPLEX 3.6/FORMAT 1/GM;2023-10-26 14:45:21
FP-01-FN1-CUT-SC04;DUPLEX 3.6/FORMAT 2/GM;2023-10-26 14:45:21
FP-01-FN1-CUT-SC04;DUPLEX 3.6/UNW 1/GM;2023-10-26 14:45:21
FP-01-FN1-CUT-SC04;DUPLEX 3.6/UNW 2/GM;2023-10-26 14:45:21
FP-01-FN1-CUT-SC04;DUPLEX 3.6/GARPU LAYBOY/GM;2023-10-26 14:45:21
FP-01-FN1-CUT-SC04;DUPLEX 3.6/BELT CON S/U-GM;2023-10-26 14:45:21
FP-01-FN1-CUT-SC04;DUPLEX 3.6/OVER LAP/GB/M;2023-10-26 14:45:21
FP-01-SP1-WRS-T098-P291;SP1.WRS.T098.P291/P.SEAL_WTR/M;2023-10-26 14:45:21
FP-01-SP1-OCC-T363-P389;SP1.OCC.T363.P389/P/M;2023-10-26 14:45:21
FP-01-SP1-EFF-T263-P273;SP1.EFF.PIT2/P1/M;2023-10-26 14:45:21
FP-01-SP1-CPO-TH08-SCRF;SP1.CP.THK5A(SCREW)/GM;2023-10-26 14:45:21
FP-01-CH1-CLA-T294-A103;CH1.CLA.T2/AGT/M(CLARIFLOCK);2023-10-26 14:45:21
FP-01-CH1-COT-T218-P221;PM1.COT.T(CA)2/P1/M;2023-10-26 14:45:21
FP-01-CH1-COT-SPLY-P334;SUPLY PUMP FMT 60/M;2023-10-26 14:45:21
FP-01-SP1-CPO-TH23-CLAR;SP1.CP.KROFTA/GM1;2023-10-26 14:45:21
FP-01-FN1-CUT-SC02;SIMPLEX 2.6/UNW 2 DS/GM2;2023-10-26 14:45:21
FP-01-FN1-CUT-SC02;SIMPLEX 2.6/FORMAT/GM2;2023-10-26 14:45:21
FP-01-FN1-CUT-SC02;SIMPLEX 2.6/FORMAT/GM1;2023-10-26 14:45:21
FP-01-FN1-CUT-SC02;SIMPLEX 2.6/GARPU LAYBOY/GM;2023-10-26 14:45:21
FP-01-FN1-CUT-SC02;SIMPLEX 2.6/DECULER ROLL/GM;2023-10-26 14:45:21
FP-01-FN1-CUT-SC04;DUPLEX 3.6/CONVEYOR/M;2023-10-26 14:45:21
FP-01-FN1-CUT-WRP3-FD01-RC06;FN1.WRP3.FD01.RC06/R1/GM/M;2023-10-26 14:45:21
FP-01-FN1-CUT-WRP3-GD01-RC09;FN1.WRP3.GD01.RC09/R1/GM/M;2023-10-26 14:45:21
FP-01-FN1-CUT-SC05-6CN2-BL01;FN1.SC05.6CN2/BL01/M;2023-10-26 14:45:21
FP-01-FN1-CUT-SC05-6CN2-RG01;FN1.SC05.6CN2/RG01/M;2023-10-26 14:45:21
FP-01-CH1-CSD-T307-P329;CH1.CS.T9/P1/M;2023-10-26 14:45:21
FP-01-CH1-COT-SPLY-P332;SUPLY PUMP LATEX DPL/M;2023-10-26 14:45:21
FP-01-CH1-COT-SPLY-P333;SUPLY PUMP FMT 97/M;2023-10-26 14:45:21
FP-01-CH1-COT-SPLY-P335;SUPLY PUMP FILLER/M;2023-10-26 14:45:21
FP-01-CH1-COT-T215-P217;PM1.COT.T(LX)1/P(MN)2/M;2023-10-26 14:45:21
FP-01-CH1-COT-T217-P223;PM1.COT.T(CA)1/P1&P2/M;2023-10-26 14:45:21
FP-01-CH1-COT-T315-P222;PM1.COT.T(CACO3)/(FMT)/P2/M;2023-10-26 14:45:21
FP-01-CH1-COT-T219-A082;PM1.COT.T(CA)3/AGT/M;2023-10-26 14:45:21
FP-01-FN1-CUT-SC02;SIMPLEX 2.6/UNW 1 DS/GM2;2023-10-26 14:45:21
FP-01-FN1-CUT-SC02;SIMPLEX 2.6/UNW 1 TS/GM2;2023-10-26 14:45:21
FP-01-FN1-CUT-SC03;SIMPLEX 2.8/DECULER ROLL 2/GM;2023-10-26 14:45:21
FP-01-FN1-CUT-SC02;SIMPLEX 2.6/UNW 1 DS/GM2;2023-10-26 14:45:21
FP-01-FN1-CUT-SC03;SIMPLEX 2.8/FORMAT/GM1;2023-10-26 14:45:21
FP-01-FN1-CUT-SC03;SIMPLEX 2.8/FORMAT/GM2;2023-10-26 14:45:21
FP-01-FN1-CUT-SC03;SIMPLEX 2.8/DECULER ROLL 1/GM;2023-10-26 14:45:21
FP-01-FN1-CUT-SC03;SIMPLEX 2.8/GARPU LAYBOY/GM;2023-10-26 14:45:21
FP-01-FN1-CUT-WRP1;WRAPPING 1/BELT CON1/GM;2023-10-26 14:45:21
FP-01-FN1-CUT-WRP1;WRAPPING 1/CON1/GM;2023-10-26 14:45:21
FP-01-FN1-CUT-WRP1;WRAPPING 1/BELT CON2/GM;2023-10-26 14:45:21
FP-01-FN1-CUT-WRP1;WRAPPING 1/BELT CON3/GM;2023-10-26 14:45:21
FP-01-FN1-CUT-WRP1;WRAPPING 1/BELT CON4/GM;2023-10-26 14:45:21
FP-01-FN1-CUT-WRP1;WRAPPING 1/BELT CON5/GM;2023-10-26 14:45:21
FP-01-FN1-CUT-WRP1;WRAPPING 1/CON4/GM;2023-10-26 14:45:21
FP-01-FN1-CUT-WRP1;WRAPPING 1/PADDLE SHEET/GM2;2023-10-26 14:45:21
FP-01-FN1-CUT-WRP1;WRAPPING 1/PUSHER 1/GM;2023-10-26 14:45:21
FP-01-FN1-CUT-WRP1;WRAPPING 1/PUSHER 2/GM;2023-10-26 14:45:21
FP-01-FN1-CUT-WRP1;WRAPPING 1/MEJA SAMPUL/GM1;2023-10-26 14:45:21
FP-01-FN1-CUT-WRP1;WRAPPING 1/MEJA SAMPUL/GM2;2023-10-26 14:45:21
FP-01-FN1-CUT-WRP1;WRAPPING 1/X-CUTTER/GM;2023-10-26 14:45:21
FP-01-PM1-WRS-FOR4;PM1.F4.SW(O)2/M;2023-10-26 14:45:21
FP-01-PM1-WET-PRS2;PM1.P2.SW(O)1/M;2023-10-26 14:45:21
FP-01-PM1-WET-PRS3;PM1.P3.SW(O)1/M;2023-10-26 14:45:21
FP-01-PM1-WET-PRS1;PM1.P1.SW(O)1/M;2023-10-26 14:45:21
FP-01-PM1-CAL-CAL1-TPR1;PM1.MC.R(TP)/DR/M;2023-10-26 14:45:21
FP-01-PM1-CAL-CAL2-TPR1;PM1.HMC.R(TP)/DR/M;2023-10-26 14:45:21
FP-01-PM1-CAL-CAL2-SMR1;PM1.HMC.SMR/DR/M;2023-10-26 14:45:21
FP-01-PM1-REL-PPRL-CYL1;PM1.PPR.CYL/DR/M;2023-10-26 14:45:21
FP-01-PM1-WET-HP02-TCR2;PM1.HP2.TCR2.SW(O)/M;2023-10-26 14:45:21
FP-01-FN1-CUT-WRP2;WRAPPING 2/BELT CON6/GM;2023-10-26 14:45:21
FP-01-FN1-CUT-WRP2;WRAPPING 2/PADDLE SHEET/GM2;2023-10-26 14:45:21
FP-01-FN1-CUT-WRP2;WRAPPING 2/PUSHER 2/GM;2023-10-26 14:45:21
FP-01-FN1-CUT-WRP2;WRAPPING 2/TABLE/GM;2023-10-26 14:45:21
FP-01-FN1-CUT-SC05-6CN2-DP01;FN1.SC05.6CN2/DP01/GM/M;2023-10-26 14:45:21
FP-01-FN1-CUT-SC05-5CU1-MD01;FN1.SC05.5CU1/MD01/M;2023-10-26 14:45:21
FP-01-FN1-CUT-HC02;MSN.HAND CUTTER 2/M;2023-10-26 14:45:21
FP-01-FN1-CUT-WRP3-FC01-LC01;FN1.WRP3.FC01.LC01/LOAD1/GM/M;2023-10-26 14:45:21
FP-01-FN1-CUT-WRP3-FC01-LC02;FN1.WRP3.FC01.LC02/LOAD2/GM/M;2023-10-26 14:45:21
FP-01-FN1-CUT-WRP3-SS01-SDC1;FN1.WRP3.SS01/SKID-CONV/GM-M;2023-10-26 14:45:21
FP-01-FN1-CUT-WRP3-SS01-SDC2;FN1.WRP3.SS01/SKID-CONV2/GM-M;2023-10-26 14:45:21
FP-01-FN1-CUT-WRP3-SS01-EP02;FN1.WRP3.SS01/EMPTY-CONV1/GM/M;2023-10-26 14:45:21
FP-01-FN1-CUT-WRP3-SS01-EP03;FN1.WRP3.SS01/EMPTY-CONV2/GM/M;2023-10-26 14:45:21
FP-01-FN1-CUT-WRP3-FC01-LF01;FN1.WRP3.LF01(F/R)/GM/M;2023-10-26 14:45:21
FP-01-FN1-CUT-WRP1;WRAPPING 1/CON2/M;2023-10-26 14:45:21
FP-01-FN1-CUT-WRP1;WRAPPING 1/UNSTAKER/M;2023-10-26 14:45:21
FP-01-FN1-CUT-SC04;DUPLEX 3.6/HP4-04A/M;2023-10-26 14:45:21
FP-01-FN1-CUT-SC03;SIMPLEX 2.8/MAIN M/BLW/M;2023-10-26 14:45:21
FP-01-FN1-CUT-RWD1;FIN1.YUELI.VACUUM.BLW/M;2023-10-26 14:45:21
FP-01-FN1-CUT-WRP1;WRAPPING 1/HP4-11/M;2023-10-26 14:45:21
FP-01-FN1-CUT-WRP1;WRAPPING 1/HP4-12/M;2023-10-26 14:45:21
FP-01-FN1-CUT-WRP1;WRAPPING 1/CON3/GM/M;2023-10-26 14:45:21
FP-01-FN1-CUT-WRP2;WRAPPING 2/BLW(TRIM)/M;2023-10-26 14:45:21
FP-01-FN1-CUT-WRP2;WRAPPING 2/OPTR TABLE/M;2023-10-26 14:45:21
FP-01-FN1-CUT-SC04;DUPLEX 3.6/LAYBOY/E;2023-10-26 14:45:21
FP-01-FN1-CUT-HC01;MSN.HAND CUTTER 1/M;2023-10-26 14:45:21
FP-01-FN1-CUT-SC02;SIMPLEX 2.6/BLW(TRIM)/M;2023-10-26 14:45:21
FP-01-FN1-CUT-SC02;SIMPLEX 2.6/LAYBOY/BLW1/M;2023-10-26 14:45:21
FP-01-FN1-CUT-WRPR;WRAPPING ROLL/VAC BLW/M;2023-10-26 14:45:21
FP-01-FN1-CUT-SC02;SIMPLEX 2.6/MAIN M/BLW/M;2023-10-26 14:45:21
FP-01-FN1-CUT-WRPR;WRAPPING ROLL/POS.ROLL.C.TS/M;2023-10-26 14:45:21
FP-01-FN1-CUT-WRPR;WRAPPING ROLL/POS.ROLL.C.DS/M;2023-10-26 14:45:21
FP-01-FN1-CUT-WRP3-FC01-STGE;FN1.WRP3.STGE(F/R)/GM/M;2023-10-26 14:45:21
FP-01-FN1-CUT-CYK2;FIN1.CYKLOP 2.STOPER TABLE/GM;2023-10-26 14:45:21
FP-01-FN1-CUT-CYK2;FIN1.CYKLOP 2.FILM TABLE/GM;2023-10-26 14:45:21
FP-01-FN1-CUT-CYK2;FIN1.CYKLOP 2.BOTT TABLE/GB;2023-10-26 14:45:21
FP-01-FN1-CUT-CYK1;FIN1.CYKLOP 1.STOPER TABLE/GM;2023-10-26 14:45:21
FP-01-FN1-CUT-CYK1;FIN1.CYKLOP 1.FILM TABLE/GM;2023-10-26 14:45:21
FP-01-FN1-CUT-CYK1;FIN1.CYKLOP 1.BOTT TABLE/GB/M;2023-10-26 14:45:21
FP-01-FN1-CUT-WRP2;WRAPPING 2/BELT CON3/GM;2023-10-26 14:45:21
FP-01-FN1-CUT-WRP2;WRAPPING 2/BELT CON5/GM;2023-10-26 14:45:21
FP-01-FN1-CUT-WRP2;WRAPPING 2/BELT CON4/GM;2023-10-26 14:45:21
FP-01-FN1-CUT-WRP2;WRAPPING 2/CON1/GM;2023-10-26 14:45:21
FP-01-FN1-CUT-WRP1;WRAPPING 1/ROLL SAMPUL/GM;2023-10-26 14:45:21
FP-01-FN1-CUT-WRP1;WRAPPING 1/TABLE/GM;2023-10-26 14:45:21
FP-01-FN1-CUT-WRP1;WRAPPING 1/BLW(TRIM)/M;2023-10-26 14:45:21
FP-01-SP1-CLD-SR47;SP1.CL.SR47/B1000/M;2023-10-26 14:45:21
FP-01-SP1-OCC-SR48;SP1.OCC.SR48/TC(S)/M;2023-10-26 14:45:21
FP-01-FN1-CUT-SC04;DUPLEX 3.6/VIB/M;2023-10-26 14:45:21
FP-01-FN1-CUT-SC02;SIMPLEX 2.6/VIB/GM;2023-10-26 14:45:21
FP-01-FN1-CUT-SC03;SIMPLEX 2.8/VIB/GM;2023-10-26 14:45:21
FP-01-PM1-WET-HP02-FR03;PM1.HP2.FR3(S)/GB/M;2023-10-26 14:45:21
FP-01-SP1-MXW-PU05-P294;SP1.PUL5/HYP/P1/M;2023-10-26 14:45:21
FP-01-PM1-WET-HP01-CRR1;PM1.HP1.CRR/GB/M;2023-10-26 14:45:21
FP-01-PM1-WRS-FU09;PM1.TRIM CUTTER/FILTER;2023-10-26 14:45:21
FP-01-PM1-COT-FU05;PM1.COT.FIC2/GM;2023-10-26 14:45:21
FP-01-PM1-COT-FU04;PM1.COT.FIC3/GM;2023-10-26 14:45:21
FP-01-PM1-COT-FU06;PM1.COT.FIC4/GM;2023-10-26 14:45:21
FP-01-PM1-COT-FU03;PM1.COT.FIC1/GM;2023-10-26 14:45:21
FP-01-FN1-CUT-SC04;DUPLEX 3.6/X-CUTTER/BLW/M;2023-10-26 14:45:21
FP-01-SP1-UKP-T065-P086;SP1.UK.C1/P1/M;2023-10-26 14:45:21
FP-01-SP1-BKP-T094-P123;SP1.BK.C1/P1/M;2023-10-26 14:45:21
FP-01-SP1-ONP-RJ03;SP1.ONP.RJ03/SCREW/GM;2023-10-26 14:45:21
FP-01-SP1-MXW-PU05-RAGG;SP1.PUL5/RAG/GM;2023-10-26 14:45:21
FP-01-SP1-OCC-T045-P058;SP1.MW.C1/P1/M;2023-10-26 14:45:21
FP-01-SP1-MXW-T028-P390;SP1.MW.C6/P2/M;2023-10-26 14:45:21
FP-01-PM1-COT-SR34;PM1.COT.VIS2/M;2023-10-26 14:45:21
FP-01-PM1-LUB-T266-P277;PM1.LUB.T1/P1/M;2023-10-26 14:45:21
FP-01-PM1-LUB-T266-P278;PM1.LUB.T1/P2/M;2023-10-26 14:45:21
FP-01-PM2-WWS-FU35;PM2.WWS(14)/FU/GM;2023-10-26 14:45:21
FP-01-PM2-WWS-T150-P154;PM2.WWS(6)/P/M;2023-10-26 14:45:21
FP-01-PM2-WWS-T151-P155;PM2.WWS(2)/P/M;2023-10-26 14:45:21
FP-01-PM2-WWS-T151-P156;PM2.WWS(7)/P/M;2023-10-26 14:45:21
FP-01-PM2-WWS-T152-P157;PM2.WWS(4)/P/M;2023-10-26 14:45:21
FP-01-PM2-WWS-T153-A095;PM2.WWS(13)/AGT/M;2023-10-26 14:45:21
FP-01-PM2-WWS-T153-P158;PM2.WWS(5)/P/M;2023-10-26 14:45:21
FP-01-PM2-WWS-T154-P159;PM2.WWS(8)/P/M;2023-10-26 14:45:21
FP-01-PM2-WWS-T154-P160;PM2.WWS(9)/P/M;2023-10-26 14:45:21
FP-01-PM2-WWS-TH09-CN03;PM2.WWS(12)/ REPULPER/GM;2023-10-26 14:45:21
FP-01-PM2-WWS-TH09-DV01;PM2.WWS(10)/DISC_FILTER/GM;2023-10-26 14:45:21
FP-01-PM2-WWS-TH09-SW01;PM2.WWS(11)/OSC(SW)/GM;2023-10-26 14:45:21
FP-01-SP2-OCC-T014-P153;SP2.OC.C4/P4/WWS(3)/M;2023-10-26 14:45:21
FP-01-PM2-BRS-T101-P152;PM2.BR.C8/P3/WWS(1)/M;2023-10-26 14:45:21
FP-01-PM1-WWS-FU33;PM1.WWS(13)/FU/GM;2023-10-26 14:45:21
FP-01-PM1-WWS-T367-P395;PM1.WWS(6)/P/M;2023-10-26 14:45:21
FP-01-PM1-WWS-T368-P396;PM1.WWS(2)/P/M;2023-10-26 14:45:21
FP-01-PM1-WWS-T368-P397;PM1.WWS(7)/P/M;2023-10-26 14:45:21
FP-01-PM1-WWS-T369-P398;PM1.WWS(4)/P/M;2023-10-26 14:45:21
FP-01-PM1-WWS-T370-A115;PM1.WWS(12)/AGT/M;2023-10-26 14:45:21
FP-01-PM1-WWS-T370-P399;PM1.WWS(5)/P/M;2023-10-26 14:45:21
FP-01-PM1-WWS-T371-P400;PM1.WWS(8)/P/M;2023-10-26 14:45:21
FP-01-PM1-WWS-TH25-CN11;PM1.WWS(11)/REPULPER/GM;2023-10-26 14:45:21
FP-01-PM1-WWS-TH25-DV01;PM1.WWS(9)/DISC_FILTER/GM;2023-10-26 14:45:21
FP-01-PM1-WWS-TH25-SW01;PM1.WWS(10)/OSC(SW)/GM;2023-10-26 14:45:21
FP-01-SP1-MXW-T057-P394;SP1.MW.C5/P2/WWS(3)/M;2023-10-26 14:45:21
FP-01-PM1-BRS-T191-P393;PM1.BR.C6/P3/WWS(1)/M;2023-10-26 14:45:21
FP-01-PM1-DRY-GRP1-DC01;PM1.G1.DYC1/DR/GM;2023-10-26 14:45:21
FP-01-PM1-DRY-GRP1-DC03;PM1.G1.DYC3/DR/GM;2023-10-26 14:45:21
FP-01-PM1-DRY-GRP1-DC05;PM1.G1.DYC5/DR/GM;2023-10-26 14:45:21
FP-01-PM1-DRY-GRP1-DC07;PM1.G1.DYC7/DR/GB;2023-10-26 14:45:21
FP-01-PM1-MCL-BL42;PM1.MCL/VF1/M;2023-10-26 14:45:21
FP-01-PM1-MCL-BL43;PM1.MCL/VF2/M;2023-10-26 14:45:21
FP-01-PM1-MCL-BL44;PM1.MCL/VF3/M;2023-10-26 14:45:21
FP-01-PM1-MCL-BL45;PM1.MCL/VF4/M;2023-10-26 14:45:21
FP-01-PM1-MCL-P420;PM1.RO/CLW/MCL/HP-P/M;2023-10-26 14:45:21
